	baseMean	log2FoldChange	lfcSE	stat	pvalue	padj
ASV100	42.4554838458859	-5.79887736605045	0.635252979479265	-9.12845362929893	6.94846708451536e-20	3.56386876764793e-17
ASV1000	3.77813878176564	-2.01024849089071	0.47528331669788	-4.22957932724692	2.34128710126706e-05	0.000351124606502888
ASV10005	2.47240558171942	1.6724009892115	0.400517793148792	4.17559723392914	2.97205269483496e-05	0.0004269932289022
ASV1008	16.6773270245252	-4.57357448780289	0.581549498500678	-7.86446295559406	3.70684258395892e-15	5.00326200345402e-13
ASV1009	8.99649529060092	-4.04017917840581	0.514358417407809	-7.85479354798341	4.00431178888999e-15	5.26618337569661e-13
ASV1011	2.7105510312693	-1.96951760375901	0.442040581280843	-4.45551310708215	8.3692782141757e-06	0.000145020364731443
ASV1014	9.57263949850153	-3.26912480179816	0.555765507399168	-5.88220168087936	4.04844596118218e-09	1.57306661628056e-07
ASV10149	3.62640413645756	2.17154968169804	0.452256721815346	4.80158630474634	1.57413637959829e-06	3.26884705179273e-05
ASV10150	4.12416935832806	-2.55381339955451	0.43876495538179	-5.82045892277864	5.86862652975035e-09	2.15001324793497e-07
ASV1017	8.90713705990471	-3.94692309737683	0.516762791716829	-7.63778499660176	2.20990482393941e-14	2.46404387869245e-12
ASV102	23.609041313022	-4.55960947709872	0.59784371667393	-7.62675821444751	2.40730481977835e-14	2.57230550430066e-12
ASV1028	3.34386421842445	-2.43657226289875	0.465707700985128	-5.23197760686497	1.67706071087601e-07	4.36631694725029e-06
ASV1034	11.1836756124813	2.53091916867063	0.546334956472423	4.63254115206589	3.61204506832728e-06	6.86154783535207e-05
ASV10403	2.10059661267647	1.16259847954372	0.346308863888018	3.35711441656792	0.000787605127552997	0.0060746266153674
ASV1042	2.2795204877457	-1.73801243794829	0.419999618665248	-4.13812860942985	3.50150091599492e-05	0.000489351449540543
ASV10451	14.6550609504586	-4.26094284055686	0.591992549170254	-7.1976291703824	6.12684990258508e-13	4.48923045005127e-11
ASV1050	2.05598879037719	-1.44024266216755	0.416617536070993	-3.45699001475091	0.000546245089164086	0.00461563601700592
ASV1052	2.854291626624	-1.5747608879102	0.444496908000944	-3.54279379578238	0.000395912144718496	0.00358031798335865
ASV10550	170.062134277583	-3.58337441726629	0.75717194127749	-4.73257687180071	2.2168730489208e-06	4.49831678140091e-05
ASV1057	4.48656748815854	-2.89332690622505	0.473927711598449	-6.10499625874699	1.02803089780255e-09	4.43089955868008e-08
ASV1062	2.63332815132517	1.46172082971211	0.43754392358473	3.34074078263151	0.000835551941538279	0.00634895690096272
ASV10627	4.64665381108562	1.7376816556936	0.477273616789879	3.64085001677061	0.000271739409208968	0.00264971754721064
ASV1064	1.94582640387001	-1.42272583251914	0.410508005848041	-3.46576878465506	0.000528717751589834	0.00455571671813937
ASV1065	6.16969297401448	-3.29567976296418	0.508208189234402	-6.48490093780072	8.87901043619643e-11	4.69489118837644e-09
ASV1067	7.65852472286254	-3.71308254239719	0.50893592717602	-7.29577603805711	2.96942498135677e-13	2.34310472759675e-11
ASV1069	2.30383624945933	-1.30740251679609	0.398908722694449	-3.27744780300911	0.00104750095899847	0.00763158014020331
ASV1073	7.39495580149245	-2.26124403441803	0.514972361393774	-4.39100076807611	1.12830142023702e-05	0.000186387613299959
ASV1074	3.26122149424064	-2.30486428383816	0.45787086081357	-5.03387413591411	4.80665327782026e-07	1.15202451691309e-05
ASV108	12.8050976342022	3.62608537399527	0.540955845849411	6.7031078447846	2.04032765113462e-11	1.25449196583846e-09
ASV1080	2.74457670121516	1.76300764363496	0.449108780376917	3.92556930673978	8.65248519685095e-05	0.00100522439853775
ASV10815	2.49645250964672	1.68902436573987	0.419013196194128	4.0309574521308	5.55500999866761e-05	0.00071767370990343
ASV109	8.92987935810102	-2.82811150814403	0.510191420171058	-5.54323611948592	2.96932021628738e-08	9.13957106913774e-07
ASV10944	41.546510389832	5.0370948235275	0.62328965792952	8.0814670345406	6.39922273154218e-16	1.24092750983598e-13
ASV1096	2.80092104280266	-2.12175293880495	0.447777482627467	-4.73840919010696	2.15402518040608e-06	4.4191980601211e-05
ASV1097	2.98104024683779	-2.2361884682228	0.458161104336515	-4.88079072417361	1.05661322571675e-06	2.24870092726192e-05
ASV1099	2.99444684136536	-2.15413331566708	0.465934416354245	-4.62325434665747	3.77766049681519e-06	7.14967553068822e-05
ASV1102	2.04302601646498	-1.42725712783198	0.397460851153422	-3.59093763244886	0.000329490480805175	0.00306151571748141
ASV11028	140.596401730853	4.52988318746744	0.717869982336979	6.31017217452206	2.78725214512236e-10	1.32368669003079e-08
ASV111	14.7271991841284	2.56648643910059	0.512200365115648	5.01070794535868	5.42301632768419e-07	1.28771531225427e-05
ASV1118	2.61201153767573	-1.64215852970878	0.409845548420975	-4.0067741031605	6.15536824229496e-05	0.000768418637790245
ASV1119	2.66900682564181	-2.13373526430239	0.449522764530305	-4.74666787238657	2.06795100182971e-06	4.25964686280506e-05
ASV112	166.03302465282	-1.9098736317034	0.49664461543841	-3.84555388769789	0.00012028042584412	0.00131820150460362
ASV1122	2.31608623779209	1.40088105415536	0.4313325360977	3.24779824594093	0.0011630170513444	0.00826193137997985
ASV1126	9.48041455913108	-3.32081984184766	0.507591070854309	-6.54231335523397	6.05744117372741e-11	3.37702345435303e-09
ASV11268	9.92700662631873	4.08077745963572	0.56621914166803	7.20706376618445	5.71712353411428e-13	4.31222450095178e-11
ASV1127	1.84674563448313	-1.37293417533161	0.401448522082554	-3.41995075286211	0.000626324731990441	0.00511531775538053
ASV11283	2.81863902522281	1.55520963956252	0.427330399478542	3.63936111603642	0.000273315297135	0.00265498893751025
ASV1138	2.24644968042754	-1.716738655484	0.419417657797334	-4.09314825822985	4.2555542813699e-05	0.000575270373774857
ASV1141	4.37924246444167	-2.89480748970675	0.461872136205224	-6.26755169404829	3.66768884986049e-10	1.71014328281222e-08
ASV1144	2.66367118113861	-2.03055049653383	0.43699839291865	-4.64658572992012	3.37473921384403e-06	6.50715692774664e-05
ASV1148	1.98654286288563	-1.46592070760394	0.397986738810287	-3.68334058563373	0.000230197264492792	0.00228884388909825
ASV1162	3.31974133733018	-2.21382857837405	0.45941320393829	-4.81881791684729	1.44411270906866e-06	3.03559593639884e-05
ASV117	5.14684676500665	1.58932466934038	0.476574214091072	3.33489438233992	0.000853318028249041	0.00644575576861462
ASV1171	12.2085163596859	1.85137384031548	0.578716125527251	3.19910532755373	0.00137854794375319	0.00939291338144432
ASV11719	2.21825710446075	1.2709075940533	0.341934654938056	3.71681423833315	0.000201750668048108	0.00205721506246272
ASV11732	3.11858402133784	-2.14159838964056	0.433105575835575	-4.94474906149349	7.62420098487701e-07	1.68553995049285e-05
ASV118	51.9932324026906	-5.81531005343658	0.650319621862827	-8.94223372313255	3.81381926777804e-19	1.50469838649489e-16
ASV1183	14.5391095034608	3.62263960656434	0.580499533334618	6.2405555879683	4.36019407614741e-10	2.01472391140181e-08
ASV1184	5.88511062119785	-1.9808507278036	0.50303152244443	-3.9378262383595	8.22231000434292e-05	0.000967252936061349
ASV1189	3.15871756704802	-2.29727639752404	0.455967405078933	-5.03824697102275	4.69814978935918e-07	1.13130564646119e-05
ASV1193	3.43125162401543	-1.47833723194523	0.350394844078673	-4.21906103051363	2.45321865550828e-05	0.000362609754585071
ASV1195	2.85098786620293	-1.81307581805181	0.419424123463904	-4.32277429127856	1.54079342710893e-05	0.000243160907312053
ASV1197	2.2795986872713	-1.73809655370607	0.431300287547725	-4.02989889848784	5.58008478153525e-05	0.000719101880514932
ASV1198	2.86525010833598	-2.16239857618445	0.464058304422137	-4.6597562323061	3.16584080844002e-06	6.17399144733416e-05
ASV12	2004.02045228697	-2.35242278142954	0.666479359093192	-3.52962586062715	0.000416147711513595	0.00371203758670127
ASV120	41.7879077414977	2.57566771024894	0.685640013921993	3.75658896498124	0.000172245056378487	0.00179927677019401
ASV1205	3.91897012467695	2.26216863258655	0.478147047799521	4.73111492164861	2.23290060635092e-06	4.49831678140091e-05
ASV1207	2.87807963633025	-2.22038591873035	0.446169032754386	-4.97655766251411	6.47250011017139e-07	1.48202915469058e-05
ASV1211	2.48706090348115	-1.9033017220177	0.442930466874974	-4.29706661509682	1.73073195753957e-05	0.000270637933238429
ASV1217	3.92758407190881	1.78854368953658	0.460660380895452	3.8825646044488	0.000103360542953218	0.00117286775399791
ASV1221	10.8165516495569	-4.17436690552555	0.534777317909906	-7.80580395937586	5.91234236232544e-15	7.24695830437344e-13
ASV123	31.6325344122821	-5.3123571496737	0.587435780547965	-9.04329856230121	1.52013972923252e-19	7.08799697384873e-17
ASV1231	2.60304059559466	-1.98836468821719	0.445399095578667	-4.4642315351671	8.03566328252449e-06	0.00014066524565211
ASV1239	2.54516277598333	-1.94651127041189	0.436501258306208	-4.45934858920018	8.22091238684813e-06	0.000143418570177361
ASV1240	1.79494050646372	-1.31101087023776	0.395705221915468	-3.31309974604738	0.000922680672697219	0.00689858479630326
ASV1241	2.95325703435224	1.56147545129891	0.460878615606393	3.38804057819959	0.000703938490974493	0.00554608374839965
ASV1245	2.49551428080762	-1.91055057432426	0.447701292390928	-4.2674671858128	1.97704841010539e-05	0.000306352909227509
ASV1251	9.75739501439948	-3.20295724696176	0.538442488205457	-5.94855962729967	2.70512344628532e-09	1.09248646897617e-07
ASV1252	6.44330056914154	-1.83730280683053	0.515887309545052	-3.56144214605861	0.000368823384175625	0.00337802703113711
ASV1258	2.38051826122312	-1.81879348854103	0.437139265741528	-4.16067288180067	3.17311309903476e-05	0.000453339751669897
ASV1261	2.27207352480955	-1.73035356574687	0.435031858417086	-3.97753298354507	6.96339661108416e-05	0.000860608704054233
ASV1262	2.55778604088009	-1.86006523196089	0.435861044639333	-4.26756475449661	1.97618417536622e-05	0.000306352909227509
ASV1263	3.71537923148663	-1.81012104736384	0.45864625499464	-3.94666047667826	7.92488118231311e-05	0.000940756235221281
ASV1266	2.57132011137733	-1.43954724626343	0.392989698868163	-3.6630661068456	0.000249214189164326	0.00244869650617592
ASV127	39.0308051955455	3.30798411664287	0.580679845000036	5.69674347254581	1.22117455481123e-08	4.17560286108454e-07
ASV1272	4.27952959298526	-2.85641936488076	0.473350572923362	-6.0344690136104	1.59486228861871e-09	6.59681345026239e-08
ASV1278	1.95492829346916	-1.434051703594	0.395624899206717	-3.62477616163561	0.000289211832161198	0.00278305344681948
ASV128	14.8588218055611	-4.72606110939823	0.59505095921816	-7.94227962527414	1.98498820917904e-15	3.28419500802558e-13
ASV1282	2.37819340904191	-1.72400840232236	0.43430849774367	-3.96954793949226	7.20091185371201e-05	0.000879152217852987
ASV1291	2.84323811764414	1.40621716811447	0.391114319460891	3.59541212925364	0.000323878437381263	0.00302581512810291
ASV1295	2.47980753660636	-1.90112442824662	0.435223222474618	-4.36815944111873	1.25298009535305e-05	0.000203966896905763
ASV1296	2.98629113417776	-1.45510902929828	0.440820326713448	-3.30091182533913	0.000963711642670212	0.00716358987718191
ASV1298	2.5889146663821	-1.97631830776648	0.447859071322539	-4.41281294566696	1.02036149709727e-05	0.000171588003888914
ASV13	12.537848280818	-3.55742667716896	0.480537041746804	-7.40302280181634	1.33118880716446e-13	1.19783638455202e-11
ASV1300	2.20660597821534	-1.67481682289178	0.402798075128294	-4.15795637146067	3.21107329498954e-05	0.000457488748055593
ASV1301	1.81161853752553	-1.28111803698512	0.389298729281854	-3.29083539355091	0.000998903454507309	0.00734007996872205
ASV1306	2.61425941439947	-1.72851068782186	0.398885002502224	-4.33335592207987	1.46853401356683e-05	0.000233192289646571
ASV1307	1.82983779933911	-1.2937048515126	0.378715105282286	-3.41603710406086	0.000635395887295449	0.00518115342756496
ASV131	100.62916023894	-4.71321901811903	0.640856906505261	-7.3545575779487	1.91560521704312e-13	1.6375231930357e-11
ASV1317	1.87854608882532	-1.35319725688308	0.404201399972428	-3.34782921824462	0.000814471854873763	0.00625363195156816
ASV132	19.7355734957092	-5.15032459230247	0.578931137141197	-8.89626461920004	5.77577725040275e-19	2.11599725123684e-16
ASV1324	3.24412108179956	-2.21168307576582	0.426696376420022	-5.18327128606486	2.18027548974512e-07	5.50868620044468e-06
ASV1326	2.58754733068572	1.70468722102334	0.434417939746213	3.92407187884373	8.70647396434663e-05	0.0010080249427344
ASV1330	4.22669489691059	-2.83707966750555	0.467731733762193	-6.06561296298103	1.31451339445598e-09	5.48141398387378e-08
ASV1332	11.886950117108	-4.38896214208475	0.532163323196413	-8.24739690011455	1.61882056849788e-16	3.60996986775028e-14
ASV1334	4.10225218814107	-2.12849281748172	0.449674397908135	-4.73340894519094	2.20780030945789e-06	4.49831678140091e-05
ASV1340	2.08703825103352	-1.46631723489295	0.387284122622118	-3.78615375441992	0.000152997028883298	0.0016314381728533
ASV1341	8.4969847472446	-2.38388509674659	0.516223113102818	-4.61793561008529	3.87576467957439e-06	7.28161063792565e-05
ASV1346	2.82889746649183	-1.7910921073668	0.437793687414294	-4.09117846797972	4.29186682469912e-05	0.000576256150363398
ASV1349	4.7369100002344	-2.15522460194504	0.477955738661892	-4.5092556226627	6.50554845262398e-06	0.000117489288779959
ASV1360	2.96165213668682	-2.22239263319823	0.452601188397039	-4.91026689759519	9.0952515367736e-07	1.97667564119118e-05
ASV1365	2.46538426390065	1.71418680255385	0.412484740035361	4.15575810733483	3.2421070148576e-05	0.000460233653284339
ASV1368	2.01389788219278	-1.39183580350549	0.408034081501213	-3.41107732566049	0.000647067381515781	0.00525960158446028
ASV1374	5.16174178446897	-2.4105575034386	0.484137633789711	-4.97907482335003	6.38889414128297e-07	1.46944565249508e-05
ASV1378	2.73238119924597	-1.732849543445	0.418058153718119	-4.14499640309228	3.39819044262908e-05	0.000478827439017708
ASV1380	3.02431624336072	-1.84541848089171	0.421293333369458	-4.3803647832076	1.18480796137908e-05	0.000194771795958759
ASV1383	3.30653093404213	-1.47598535932646	0.457013755736815	-3.22963005117169	0.00123950493068024	0.00866133622542092
ASV1387	1.95108049621592	-1.33372489087185	0.394801813088985	-3.37821369267937	0.000729583613473846	0.00566974902046569
ASV1397	10.6296727620343	-2.37357094977322	0.536721906056044	-4.42234781735436	9.76341156400231e-06	0.000165816350701218
ASV14	138.036427936805	-3.22000269910113	0.786948895726675	-4.09175578819226	4.28119374670532e-05	0.000576256150363398
ASV1400	4.10846424660802	-2.03253258212999	0.451096688039752	-4.50575815788493	6.61363780532982e-06	0.000119022274749251
ASV1404	2.24816388767783	-1.71168627485905	0.419584257971042	-4.07948163531241	4.51362352372733e-05	0.000601308442940195
ASV1406	2.447501165359	-1.87472434327839	0.440933265943045	-4.25171899713402	2.12135930511115e-05	0.000324789608236272
ASV1409	2.60177594632203	-1.63507156195748	0.41381764325761	-3.95118861797686	7.77640039282495e-05	0.000931896205953252
ASV1411	2.13349715644327	1.44811890588986	0.42750223638903	3.38739492481173	0.00070559739283871	0.00555062734335851
ASV1416	3.02416438975455	-2.26315530462105	0.448050045168566	-5.0511216972863	4.39223110803475e-07	1.06262987514671e-05
ASV1420	3.21420779374466	2.04521706131579	0.46068850742208	4.43947923242195	9.01768154481677e-06	0.000155207008870353
ASV1422	3.39095282219493	-2.50597384740833	0.454777532016722	-5.51032905318679	3.58163504681629e-08	1.07428106170297e-06
ASV1427	2.87081549896976	-2.16669961014749	0.449073722356591	-4.82481940554742	1.40130181729496e-06	2.95772716909706e-05
ASV143	7.02939191391056	-2.4171665770729	0.510943179769734	-4.73079331083789	2.23644137113907e-06	4.49831678140091e-05
ASV1435	2.2333119160003	-1.69887519995313	0.403709154371023	-4.2081661551618	2.57451537209182e-05	0.000378357860844096
ASV1445	1.75409453816115	-1.20484916545586	0.37677081550812	-3.19783039413755	0.00138465692593947	0.00940649718297157
ASV1446	2.12624701039789	-1.31958697635583	0.403467399092247	-3.27061611254029	0.00107313477317285	0.00775226514310357
ASV1449	9.75279672192917	2.81382334696511	0.498986997056314	5.6390714859601	1.70969553207877e-08	5.65743766711743e-07
ASV1464	2.18529512039086	1.70610341261968	0.438980248478896	3.88651521003844	0.00010169355758841	0.00115908057082434
ASV1473	2.38274921032084	-1.82261111083917	0.411629002818588	-4.42780051541321	9.51988839739431e-06	0.000162758358634118
ASV1474	33.6006155954551	-4.1546793597302	0.653810578149073	-6.35456124232806	2.09022360809816e-10	1.05105459666034e-08
ASV1484	2.12377937892794	-1.59858757919989	0.425065209717206	-3.76080550149803	0.000169367086143251	0.00177282405067089
ASV1491	2.01361245877917	-1.54640627342047	0.39354437704503	-3.92943302870143	8.51463861631556e-05	0.000994796844261561
ASV1493	2.85550522363741	-2.06680918394003	0.44525216283501	-4.64188465875211	3.45245576641725e-06	6.63207701346595e-05
ASV1497	2.44584826941475	-1.86914842915642	0.440655881992831	-4.24174169808729	2.21791865668575e-05	0.000335566512983516
ASV1506	3.0618300195352	-2.19578603430377	0.443712740626871	-4.94866573180117	7.47239486990085e-07	1.65913044535591e-05
ASV1511	6.13616938484747	-2.10354173204428	0.404656349179093	-5.1983411018056	2.01074901693021e-07	5.13091129743038e-06
ASV1519	5.44991880573479	2.08930240491502	0.491719675002374	4.24897052351002	2.14755172115013e-05	0.00032742846708066
ASV1533	6.95733509484724	-3.64039365816689	0.494740644673861	-7.35818594521717	1.86426245340387e-13	1.6206444277133e-11
ASV1534	2.29329744142596	-1.65496527495188	0.414374437496433	-3.99388843807751	6.49984555243145e-05	0.000805258643440118
ASV1535	2.20189277108685	-1.66857164371669	0.426232510537758	-3.91469820453519	9.05173553052015e-05	0.00104328879856265
ASV154	5.09440811565061	-2.90922978928044	0.510613683104814	-5.69751631329327	1.21565353056271e-08	4.17560286108454e-07
ASV1555	1.83575020831527	-1.30468672517186	0.383967293148902	-3.39791109412517	0.000679024831863065	0.00542713515011098
ASV156	21.474765816527	-4.63205076594716	0.596763544953963	-7.76195329810989	8.3631204228539e-15	9.74873742018583e-13
ASV1561	1.94701301583799	-1.38214203865541	0.39133626408796	-3.53185269419536	0.000412659158556542	0.00368733244640506
ASV157	18.0123031013067	2.56672321015606	0.611026390582793	4.20067488035654	2.66120516491598e-05	0.000388869552445985
ASV1572	2.53308758916744	1.3460935417757	0.411927648976331	3.26779118886734	0.00108390302585327	0.00777529876867328
ASV1578	2.04333647771475	-1.523434697325	0.409074673018417	-3.72409928506234	0.000196013779952026	0.00200269856050586
ASV159	15.5112332969151	-4.65004119943116	0.578064191306986	-8.04416061288549	8.68385675160386e-16	1.59069647424915e-13
ASV1594	2.45968717239238	-1.88214868359397	0.430325725409548	-4.37377682173822	1.22115222961139e-05	0.0002001051049737
ASV1601	2.4148012146864	-1.75279370560848	0.40686411711858	-4.30805674882761	1.64695134180016e-05	0.000259116976444571
ASV1610	2.53140733060904	-1.93621094806765	0.419669326872967	-4.61365847843757	3.95642333465047e-06	7.37908919397174e-05
ASV1612	2.64337157727778	-1.50046771898492	0.431994766314335	-3.47334698470195	0.000514010361548239	0.00445330936550831
ASV1614	2.04498060498691	1.3062007606106	0.399631723362849	3.26851119230248	0.00108114901390937	0.00777529876867328
ASV162	6.31613153178604	1.65824999231703	0.489609219996564	3.38688473294818	0.000706910816892512	0.00555244346070704
ASV1621	7.38209780294633	-3.43820334609948	0.453910268317576	-7.57463222597546	3.60146416546462e-14	3.76977749074858e-12
ASV1624	4.61620397386064	-1.9315365780906	0.468466939494535	-4.12310115239867	3.73805446098711e-05	0.000514007542370051
ASV1633	2.09404509889465	-1.57447786384663	0.406872215957387	-3.86971093649592	0.000108964470362128	0.00121760080280469
ASV1638	2.20316868763562	-1.38679750460671	0.379360396285432	-3.65562013901757	0.000256561020864881	0.00251606400767872
ASV164	17.5192337915866	-3.18909851592433	0.613175347219236	-5.2009568394864	1.98265144496728e-07	5.08450963061859e-06
ASV1648	1.81124377286069	-1.27421649522748	0.388866543609664	-3.27674498145183	0.00105011169322623	0.00763974875823733
ASV1654	1.79753392873146	-1.26513186039814	0.365473140435943	-3.46162746430303	0.000536919801391352	0.00458976943556041
ASV1658	2.87983715358366	1.3486450965124	0.400477148476581	3.36759563346539	0.000758267226594827	0.00587485287795297
ASV166	11.0436803315262	-2.21175523776513	0.607726207996962	-3.63939420196305	0.00027328018534157	0.00265498893751025
ASV1660	4.01765409709331	-2.74991826115407	0.441586360514138	-6.22736231697092	4.74353279265652e-10	2.15306014987038e-08
ASV1661	2.28788672235391	1.79003136920545	0.428454748899917	4.17787729929816	2.94242307027513e-05	0.000423923818186549
ASV167	32.5799133947988	-2.65409474689479	0.672055918058679	-3.94921713443353	7.84072044415134e-05	0.000933816098445329
ASV1670	2.73531947829179	-1.81480208148125	0.416851101964326	-4.35359789845671	1.33921248782737e-05	0.00021600065566247
ASV1673	3.58153369689978	-2.47059395303955	0.482558433699119	-5.11978193832581	3.05889146667863e-07	7.54566300443572e-06
ASV168	4.6737566048498	-2.91989567500055	0.460250968371008	-6.34413803698251	2.23674211070882e-10	1.10983603548089e-08
ASV1682	2.02544327739254	-1.50671428837735	0.41756370809084	-3.60834588634691	0.000308155479813874	0.00290005404764286
ASV1689	2.80070598065352	-1.85860915600828	0.415857055732662	-4.46934621016292	7.84590476479204e-06	0.000138764294960753
ASV1693	2.05283569598892	-1.534422541945	0.377123044779599	-4.06875836198702	4.72643324110488e-05	0.000624790620969766
ASV17	1476.6352775571	-9.8124572514265	0.688207069762268	-14.258001236192	3.99740367017142e-46	2.05026834243092e-42
ASV170	38.6676608702008	-2.46049825788565	0.638907147546805	-3.85110460468811	0.000117586256952142	0.00129646642432189
ASV1704	2.04264097150098	-1.42119400355355	0.396104300357053	-3.58792874066874	0.00033331535256747	0.00308587444642338
ASV1707	2.51696973778462	-1.40393092038595	0.39722826619553	-3.53431777106941	0.000408829237479856	0.00366665341803799
ASV1719	1.86519469215775	-1.34372000487231	0.394994664043947	-3.4018687521379	0.000669267709547227	0.0053934614305794
ASV1724	5.55810558124267	-2.90817412752583	0.485809748335312	-5.98624078148093	2.14746395699769e-09	8.74154177415964e-08
ASV173	11.7056800087614	1.86005388039759	0.570184969928295	3.26219381165292	0.00110553530614777	0.00788635686402212
ASV1733	1.98115772483465	-1.46764678770104	0.384072502679633	-3.82127535155841	0.000132763318246076	0.00143055264555489
ASV174	9.42764329537694	2.33859700617297	0.574765000525125	4.06878812042548	4.7258297151745e-05	0.000624790620969766
ASV1743	5.12108039079765	-3.15140564090415	0.497013423309364	-6.34068516685226	2.28745562383926e-10	1.11736760901634e-08
ASV1746	1.7395036111812	-1.24266472624383	0.380799612639718	-3.26330354600319	0.00110121502442697	0.00786647891404728
ASV1757	1.8111295715786	-1.38446699637073	0.390362897206716	-3.54661522977063	0.000390214051113714	0.00354231481090662
ASV176	97.0649452457668	-3.57841664547675	0.651666275359993	-5.49117973536372	3.99257784191006e-08	1.17689262937682e-06
ASV1779	2.23461843542865	-1.60271409850385	0.398250249608624	-4.02438943874837	5.71233223950707e-05	0.00073063720838982
ASV178	5.8096508706713	-1.89109362255035	0.522409797813954	-3.61994286949386	0.000294668069025952	0.00282495799258712
ASV1790	2.3530831408626	-1.79883747180013	0.418944209013798	-4.2937399135666	1.75688273286259e-05	0.000273892143977271
ASV1795	2.13113104069825	-1.61078259440981	0.417498756087833	-3.85817339793685	0.000114237592341063	0.00126747149991324
ASV18	71.9002622536561	5.18580461095278	0.688208345218601	7.53522482977967	4.87494155150887e-14	5.0007150435378e-12
ASV1804	2.24744868880559	-1.61692429412397	0.42136175770402	-3.83737789336771	0.000124355033611427	0.00135705737743194
ASV1817	1.93730496425221	-1.41657745126684	0.409859306558918	-3.45625298388387	0.000547740980998452	0.00461708717624887
ASV1818	2.42572515083433	-1.76259811175117	0.425034843741413	-4.14694968590272	3.36934067632036e-05	0.000476070201896615
ASV1819	6.37660743899908	-2.95115938807124	0.484625740713771	-6.08956384306926	1.13218709304533e-09	4.83915633352459e-08
ASV182	2.34168520548334	-1.3370763936428	0.392390971405085	-3.40751059805214	0.000655583625845479	0.00531198802047625
ASV1830	1.76315596388761	-1.21892539933821	0.379070312314078	-3.21556544984266	0.00130187804014589	0.0089869885167002
ASV1835	2.83116359316375	-2.14102464271557	0.431550861150509	-4.96123362379031	7.00468814435501e-07	1.58268922873995e-05
ASV1840	1.91173934482832	-1.39320264101507	0.403515792197799	-3.45265951904093	0.000555089161168143	0.00466729886496952
ASV1843	2.32804368455114	-1.78356562551566	0.408806202943854	-4.36286341222816	1.28371095903196e-05	0.000207702003434541
ASV1848	2.1616069790833	-1.63479691966362	0.412856780915319	-3.95971919375822	7.50379437949711e-05	0.000905575561704487
ASV1857	2.62124254991602	-2.00464473915564	0.434197624852101	-4.61689476039506	3.89524677802148e-06	7.29150391404093e-05
ASV1858	2.02544327739254	-1.50671428837735	0.41756370809084	-3.60834588634691	0.000308155479813874	0.00290005404764286
ASV1863	2.24069827247164	-1.75411159377884	0.418215523695255	-4.19427662148912	2.73743759936183e-05	0.000396619136924486
ASV187	12.835915090963	2.38944833000192	0.57069430541138	4.18691461846549	2.8277213713757e-05	0.000408545997571436
ASV1876	2.43609372453749	-1.77083053873381	0.426159558877577	-4.15532281711065	3.24828587422365e-05	0.000460233653284339
ASV188	7.9334249998349	-3.84560231358047	0.534074847310507	-7.20049321353766	5.9995143788239e-13	4.45963902159243e-11
ASV1888	3.20585600841777	-1.87916088237375	0.436758496369035	-4.30251706147915	1.6886866266453e-05	0.000264870755598279
ASV1891	4.27396182817191	-1.34753806645236	0.421196855867411	-3.19930704059328	0.00137758369439738	0.00939291338144432
ASV1896	6.98620167822661	-2.05910071609495	0.467813615266508	-4.40154080364228	1.07484849040478e-05	0.000179573221735704
ASV19	107.299605660634	6.00001520740304	0.708086610568322	8.47356116872106	2.38002774347347e-17	6.10358114813772e-15
ASV190	2.96929839273336	-2.04985256816995	0.434742887126455	-4.71509167572351	2.41601943667775e-06	4.82169793413236e-05
ASV1903	1.66367740129949	-1.14752917049418	0.357549506177103	-3.20942736787276	0.00132999644332788	0.00915644531252173
ASV191	15.1213749974373	-4.51609590114583	0.574124215751771	-7.86606064897011	3.65983161975534e-15	5.00326200345402e-13
ASV1910	4.08367566448209	-2.53739656112166	0.445105347304344	-5.70066519418087	1.19340820714265e-08	4.13580452326667e-07
ASV1921	17.3393653446872	-1.94189617220338	0.596239024311881	-3.25690887885864	0.00112632583509569	0.00802350723361919
ASV1922	2.05588422005884	-1.43536831181468	0.399979276566184	-3.5886067001703	0.000332449928973553	0.00308342800308383
ASV1941	2.0155468637783	-1.39758960401574	0.404240024269922	-3.45732614314937	0.000545564140982428	0.00461563601700592
ASV1947	2.4981274588707	-1.3909010235232	0.411369219296679	-3.38114997009557	0.000721831344093315	0.00563511866644537
ASV1951	2.02630029407099	-1.50732155744074	0.417622289126245	-3.60929384443149	0.000307031665008675	0.00290005404764286
ASV196	37.0716713194795	-5.94544109863218	0.626674982951031	-9.48728010592497	2.37140963017271e-21	1.35143999923954e-18
ASV1968	2.70117034480172	-2.05696798164146	0.457383015118348	-4.49725484692346	6.88364604015835e-06	0.000123018190034746
ASV1978	1.77136877366207	-1.22467634983461	0.382952508691733	-3.19798492512408	0.00138391514655604	0.00940649718297157
ASV1981	3.03358479500532	-2.00740080885566	0.42544389923018	-4.71836783295743	2.37744344597778e-06	4.76324509157032e-05
ASV1986	2.47236372417585	-1.7061450525801	0.400879381935507	-4.25600599447787	2.08111128935329e-05	0.00031958143123033
ASV1988	1.92191959668032	-1.4006178679703	0.377488757217315	-3.7103565104695	0.000206967579322129	0.00210205289968951
ASV1997	1.83475476853224	-1.30397751115781	0.395587050767256	-3.29630989848809	0.000979638883969712	0.00725045863763442
ASV200	2.56357917361283	-2.00783038696299	0.451205685822653	-4.44992261855531	8.5901234609274e-06	0.000148345936805039
ASV2002	1.95213115441847	-1.33433498264518	0.398741414939554	-3.3463666743708	0.000818780440991984	0.00627731671427188
ASV2007	4.31719763801129	1.71912538302894	0.465328670549612	3.69443254162361	0.000220378388278182	0.00221197799115225
ASV201	164.713411396949	2.60638621221089	0.767483882684898	3.39601426298744	0.000683747965371137	0.00544556415277727
ASV2014	1.79079925299426	-1.25287240543451	0.390764718855359	-3.2062065610848	0.00134497403186738	0.0092347681518712
ASV2018	5.25702689065308	-1.67635890166899	0.484775339925937	-3.45801191522057	0.000544177316457634	0.00461336439026646
ASV2019	2.4757721803603	-1.75638137409298	0.415495841792494	-4.22719362609204	2.36624037645368e-05	0.000352803688686946
ASV2026	1.94150570545286	-1.215768066294	0.380456816119067	-3.19554812736886	0.00139565504163889	0.00944368695061459
ASV2027	2.01494696799311	-1.49503679641181	0.412448297433891	-3.62478595672088	0.000289200871355182	0.00278305344681948
ASV203	15.7582343856585	-4.81455950079229	0.594808541242299	-8.0943012195769	5.75940095272388e-16	1.18159869946083e-13
ASV2034	2.13203146656383	-1.41048027476132	0.378071631160448	-3.73072232484624	0.00019093156955905	0.00195857604053673
ASV2035	2.13162628045828	-1.60746408632987	0.405153525518715	-3.96754312892092	7.26173736728043e-05	0.000882593624568278
ASV2040	13.4137553438792	2.13552886760583	0.553562463601068	3.85779204340131	0.000114415929900532	0.00126747149991324
ASV2045	3.37985236048966	-2.45770540277341	0.443514480770714	-5.54143215009024	3.00007818318683e-08	9.13957106913774e-07
ASV2049	3.7140426267719	-2.61725626279061	0.442786454069457	-5.91087698988203	3.40291090363497e-09	1.3425792326726e-07
ASV2059	1.86695183151343	-1.34531311247865	0.384932652918497	-3.494931132183	0.000474184090004324	0.00414447257429335
ASV206	6.40169514667202	-3.42842764829514	0.531853649183664	-6.4461861896734	1.1469974279348e-10	5.94237354331072e-09
ASV2060	1.86952195548778	-1.34085869990731	0.387577615854718	-3.45958756402982	0.000541003342647015	0.00459404990800751
ASV207	103.938851842536	-4.62514958720486	0.694678568253072	-6.65797074873902	2.77634011395902e-11	1.63676418902251e-09
ASV2070	2.69406929890174	-2.05124761962972	0.438274316874161	-4.6802825095012	2.86479877572723e-06	5.67318645587065e-05
ASV2076	2.10018875365186	-1.57866113265718	0.401265059602442	-3.934210305331	8.34706752403047e-05	0.000979682135715155
ASV2078	1.98133290695727	-1.2656386078536	0.397052603855869	-3.18758420310732	0.0014346667878025	0.0096314214065956
ASV208	8.46939713584132	-3.86862657697247	0.528499584544042	-7.3200181988981	2.47937328881945e-13	2.03182932471813e-11
ASV2084	1.81978721339844	-1.28690406983146	0.398081510859256	-3.23276523708345	0.00122598267145064	0.00860418958050181
ASV209	34.8629914265959	2.93865032922173	0.48418618606188	6.06925685576285	1.28503482134754e-09	5.40241278581272e-08
ASV2095	2.23908084440557	-1.60904113573584	0.390228609475681	-4.12332949626061	3.73434910542641e-05	0.000514007542370051
ASV210	5.3862203504497	2.95385970476306	0.539117395726497	5.47906583645392	4.27577255894473e-08	1.23900776580946e-06
ASV2104	2.24393544499006	-1.61487605062729	0.409380191144358	-3.9446853696393	7.99048222994793e-05	0.000942369182263545
ASV2106	2.77542479058894	-2.10631999510712	0.445087409948196	-4.73237379451438	2.21909278698774e-06	4.49831678140091e-05
ASV2115	2.78330282171984	-1.93476197780204	0.410696760584446	-4.71092583016423	2.46593975305122e-06	4.90224999744174e-05
ASV2123	8.82036955116532	-3.72175009114833	0.502284658741557	-7.40964317021537	1.26639694115869e-13	1.15988391271481e-11
ASV2127	1.92285047396142	-1.40117984274359	0.400512127585613	-3.49847044879827	0.000467934941350603	0.0041167037979198
ASV2130	1.84012256850447	-1.36843920858175	0.388464944529509	-3.52268390713902	0.00042720053560678	0.00380401310265135
ASV214	139.394736279536	2.71821442421833	0.732887264448185	3.70891207430786	0.0002081516885553	0.00210990120671963
ASV2142	2.24162356999518	-1.65855755120789	0.413514637571612	-4.01087990729388	6.0492876262302e-05	0.000758601374937279
ASV215	36.0117341099986	-3.39209623684548	0.628686729115572	-5.39552702443304	6.83227077466996e-08	1.86397429804693e-06
ASV2170	2.43664216312485	-1.68380209820248	0.418270135856658	-4.0256330869855	5.68222316979889e-05	0.000728603065947463
ASV2172	1.91616757469369	-1.39121252332644	0.407731399243285	-3.41208090892291	0.000644689749136618	0.00524859321162177
ASV2177	1.69291170696292	-1.12832334656842	0.333834276949435	-3.37989063579391	0.000725146779984127	0.00565239792483068
ASV218	8.04136399279284	3.66997657116606	0.578568567074742	6.34320075444395	2.25039866816168e-10	1.10983603548089e-08
ASV2181	2.76513712730723	-2.10237062920942	0.440486799034281	-4.77283458623195	1.81650980133055e-06	3.75680595605822e-05
ASV2184	1.86425290007356	-1.33723085182314	0.386172824772272	-3.46277823306627	0.000534628842502537	0.00457781524740486
ASV219	109.141646561502	-6.77942749659356	0.651066499986394	-10.4128034490106	2.16743125816153e-25	2.77918873077762e-22
ASV2199	2.34049307276134	-1.78822648300421	0.423426712451692	-4.22322548487829	2.40830659681982e-05	0.000357000131071933
ASV2216	2.3653178398462	-1.81216413893832	0.406645102079806	-4.45637763659249	8.33561433676995e-06	0.000144926664180654
ASV222	9.87531393129871	-3.96090119363993	0.551839785876954	-7.17762889702757	7.0930775484886e-13	5.12399926002789e-11
ASV2224	2.21092931456308	1.45952174508253	0.406347023740588	3.59181108710246	0.000328387870532034	0.00306151571748141
ASV2228	2.01670986473163	-1.55305604261118	0.405308050774886	-3.83179174369218	0.00012721340392235	0.0013823676879613
ASV2254	1.95646797201305	-1.43510439746654	0.395148070424284	-3.63181426123534	0.000281435660419876	0.00272870227276662
ASV2259	2.1998136459162	-1.38401463726823	0.404073583864155	-3.42515495329564	0.000614448868338145	0.00504241319313016
ASV2264	2.16304352275502	-1.44512736884843	0.38611960228489	-3.74269361176378	0.000182058159808925	0.00188261351141124
ASV2281	2.09926281919368	-1.57804000813001	0.407414180446026	-3.87330653636654	0.000107368642953373	0.00121031597737989
ASV23	249.077251379764	-2.03895544210041	0.553460187530655	-3.68401465550306	0.000229589031799844	0.00228884388909825
ASV230	84.5442451180344	-2.45621204804285	0.678974560885649	-3.61753177444378	0.000297425826873022	0.00284607661573084
ASV231	4.59681703553253	-2.59424072293868	0.460858400321086	-5.62914925958004	1.81100632834274e-08	5.91633850832477e-07
ASV2312	2.12363534949523	-1.40455976255911	0.402567317199283	-3.48900594397686	0.000484820368068427	0.00422180588764509
ASV2319	2.01343433780586	-1.29176812729181	0.391783579220759	-3.29714718993859	0.000976723004127643	0.00723932411585359
ASV2325	4.46908915186684	-2.68902130039888	0.49014772243471	-5.48614464031723	4.10800576059338e-08	1.20399780263334e-06
ASV233	12.0188553445024	2.35844484246094	0.594981483649453	3.96389620059247	7.37363240887053e-05	0.000894074719269431
ASV234	7.79323703258992	-3.74054029997038	0.53906281432075	-6.93896926406188	3.9497104525207e-12	2.70107532146382e-10
ASV2340	1.89621503456329	-1.37139620912567	0.388070705405546	-3.53388233129456	0.000409503344531271	0.00366665341803799
ASV2341	3.19556303710342	-2.02284321314601	0.417028006465081	-4.85061718106788	1.23077893634699e-06	2.60853932418336e-05
ASV2350	1.75745765959798	-1.21549732555935	0.350749301487481	-3.46543049524144	0.00052938334256406	0.00455571671813937
ASV2360	2.1757494172108	1.53925421972096	0.415822160530425	3.70171281337551	0.000214148930184586	0.00215789756958102
ASV2361	3.69354877184948	-1.68078455413546	0.407432070347749	-4.12531235624356	3.7023193469802e-05	0.000511838165246939
ASV2362	1.98166832057766	-1.46259474998618	0.397937067020268	-3.67544235307863	0.000237437652014817	0.00235099945402316
ASV2363	2.16357215849637	-1.63610237066262	0.411913038527766	-3.97196062671449	7.12835038391927e-05	0.000876770002856642
ASV237	114.16059334544	2.45715264897066	0.735245900516024	3.34194675175493	0.000831930185677978	0.0063308159085198
ASV2380	1.92425186790779	-1.25342866378734	0.394280335210172	-3.17902911165781	0.00147769249326463	0.00979209922216317
ASV2386	2.29572331951382	-1.47459131785804	0.397753092363727	-3.70730321440113	0.000209478077202259	0.00211498633458738
ASV2397	1.83686585373612	-1.30545724330013	0.383746361642616	-3.40187523267233	0.000669251840025762	0.0053934614305794
ASV24	112.985112415736	-6.11367431309332	0.676805086149316	-9.03313884338117	1.66816818675772e-19	7.13002885823364e-17
ASV2414	2.12532822583776	-1.603326143362	0.40395818798136	-3.96903984388598	7.21628160881473e-05	0.000879152217852987
ASV2420	3.39669114088558	1.81823932400154	0.446296468533561	4.07406164331953	4.62002442739046e-05	0.000613888738033307
ASV2454	1.96185928538033	-1.44403439878389	0.391680934621816	-3.68676203292398	0.000227125561489429	0.00227081287500835
ASV2462	62.6448986539218	-2.63922951642872	0.698014983709187	-3.78104994595402	0.000156168336237235	0.00165152040527995
ASV247	12.8559777244465	-3.3087652617976	0.582177783290632	-5.68342756588122	1.32021654430558e-08	4.45486227351536e-07
ASV2479	8.0299451967735	2.20908127316535	0.402852383786113	5.48359985462621	4.16756860073481e-08	1.2145147359755e-06
ASV248	2.56756055573891	-1.9657173613831	0.44006762429229	-4.46685294003242	7.93786556164358e-06	0.000139445188093163
ASV2496	1.95708795810305	-1.33155273443034	0.384336303085153	-3.46455102924619	0.000531117364294998	0.00456298318504028
ASV250	22.222340997618	-5.0627532387365	0.574163676813774	-8.81761324023736	1.16925320924436e-18	3.52770571189079e-16
ASV252	12.0605300037824	4.37466318722696	0.595760765619895	7.34298637923073	2.08879792373727e-13	1.75630238538499e-11
ASV2528	1.95259587391322	-1.43245255167839	0.396559124276068	-3.61220424392802	0.000303605285384618	0.00288903804960614
ASV253	84.1863854660589	-4.27030617864477	0.636158196971916	-6.71264820444229	1.91123518972562e-11	1.19545430342716e-09
ASV2538	7.39331306675502	-3.73542039005591	0.473959328789318	-7.8813099841239	3.23966487881738e-15	4.88712975395716e-13
ASV2556	1.78022978378432	-1.24585461088738	0.373157729862889	-3.33868096835392	0.000841771800164767	0.00637570591769007
ASV2557	2.15733357737844	-1.63570878920833	0.407553721295118	-4.01348019596141	5.98300243930626e-05	0.000754635184667697
ASV257	9.8487092416028	4.07027654895639	0.581471305962947	6.99996114548731	2.56033503453334e-12	1.79889840987966e-10
ASV2572	5.86297341709718	-2.09717691487956	0.482282381382992	-4.34844190008703	1.37108129377528e-05	0.000219758623617919
ASV259	10.7436140084207	3.88047020425177	0.578993709053306	6.70209389769813	2.05453938643849e-11	1.25449196583846e-09
ASV2596	2.27568465219822	-1.54419985421412	0.403571562803254	-3.82633464926995	0.000130065444949361	0.00141037138931347
ASV260	4.58326341930999	-2.96903731755098	0.510534783543984	-5.81554364805624	6.04371400721266e-09	2.19845454914849e-07
ASV2609	1.75215568315981	-1.20354820806822	0.377852879409127	-3.18522968503056	0.00144639160240713	0.00965956058430492
ASV263	16.8135629251706	-4.58737183144632	0.567817551836386	-8.07895391153416	6.53247080631144e-16	1.24092750983598e-13
ASV2636	1.64955029021115	-1.08272887837202	0.340455419170919	-3.18023687509128	0.00147154710613063	0.00978834694284805
ASV2647	2.0921198677977	-1.56923399129023	0.41285374469782	-3.80094406661807	0.000144145840821123	0.0015434739406504
ASV2648	15.199942858029	-3.76672962213638	0.560889974622252	-6.71563014595367	1.87255207580563e-11	1.18571846874161e-09
ASV2659	1.83676953426301	-1.19954102089108	0.352671681994474	-3.40129667941378	0.000670669979654698	0.0053934614305794
ASV2666	1.83489904494753	-1.30410676351425	0.383274057393183	-3.40254378912065	0.000667616558625937	0.0053934614305794
ASV2669	3.82621246962646	-2.00440957712538	0.410084301393323	-4.88779885090724	1.01969635564787e-06	2.1791760867158e-05
ASV2685	1.98542529703412	-1.46515713382391	0.397815086705075	-3.68301048097285	0.000230495678777202	0.00228884388909825
ASV270	6.80864401663574	3.59542127275189	0.576889955940542	6.23242134089514	4.59280170637666e-10	2.10325713857195e-08
ASV2722	1.83927095745043	-1.31391021372293	0.376811012541135	-3.48692094974135	0.000488615759448715	0.00424764445798722
ASV273	11.1307401721788	-2.22960505578545	0.596904604141724	-3.73527870335553	0.000187507407395736	0.00192730559625798
ASV2732	1.91003275698525	-1.18231419312372	0.364258845459734	-3.24580777614752	0.00117117890488861	0.00829655402568627
ASV2735	2.56402174990627	-1.87118576265199	0.402629518374827	-4.64741326022205	3.3612335642601e-06	6.50557243437361e-05
ASV2736	7.43144059286416	-3.03446471388349	0.519272558149142	-5.84368395029254	5.1058857968432e-09	1.91153928846779e-07
ASV2740	17.2863644685662	2.58056597859663	0.587742486918194	4.39064052035396	1.13017250411946e-05	0.000186387613299959
ASV2750	3.4324714174027	1.1076475627752	0.311780188421823	3.55265537679581	0.000381363723116652	0.0034742709340414
ASV2772	2.19761501004734	-1.66558295101616	0.414898919575706	-4.01443067800576	5.95894535429694e-05	0.000754635184667697
ASV2775	1.7760634217584	-1.2353959670019	0.376264572040193	-3.28331726875931	0.00102593131916407	0.0074957289686503
ASV2776	1.93642425519154	-1.4161868689893	0.362816523906724	-3.90331414275219	9.48844182655581e-05	0.00108872971204485
ASV2779	2.10400069126827	-1.58120329224809	0.407567624513669	-3.87960965774666	0.000104624226615598	0.00118458644218853
ASV278	10.9022418974224	-4.11312149636482	0.567217584178306	-7.2513998350796	4.12486018060084e-13	3.15767281586592e-11
ASV2792	1.66414084372377	-1.14784032959089	0.358729967255807	-3.1997336000992	0.0013755466591189	0.00939291338144432
ASV2795	1.95568041224129	-1.43981565594449	0.392952260849411	-3.66409815999573	0.000248211588166323	0.00244352636411721
ASV2796	2.29582225516833	-1.6602510326361	0.412967184831708	-4.02029772247565	5.81246383437304e-05	0.000739755012568221
ASV2817	1.80747232197619	-1.27151758094609	0.380684740133342	-3.34008024724268	0.000837541849384525	0.00635466293712016
ASV2825	1.70938373084159	-1.14893346209699	0.360590175696509	-3.18625836069364	0.00144125827507821	0.00965040952072601
ASV2850	9.58321243842422	-2.65187601505552	0.519354122866642	-5.10610371285425	3.28869237188511e-07	8.07067137578888e-06
ASV2857	2.11902129446372	-1.49522541389919	0.376638284320748	-3.9699241318385	7.18955209246949e-05	0.000879152217852987
ASV287	6.83772328664901	-3.06342090648488	0.483614394033798	-6.33442871899051	2.3822226989434e-10	1.15268115310195e-08
ASV2881	2.18914496839158	-1.66374127932905	0.401948845585674	-4.1391866094424	3.48539362855213e-05	0.000488598208253962
ASV2884	2.0992884017811	-1.57805731824162	0.407319864056993	-3.87424591210414	0.000106955369755924	0.00120831297682408
ASV2885	2.0455811297754	-1.52492880774289	0.403009270568153	-3.78385540757681	0.000154417554734757	0.00163881897923975
ASV2890	10.5787033661731	-4.28826496184666	0.541543628876875	-7.91859553539617	2.40208342952562e-15	3.73341997273846e-13
ASV291	36.8541598670801	-5.59240227989689	0.579712866012231	-9.64684865175804	5.06895061809835e-22	3.2498309650283e-19
ASV2934	2.16665240799196	-1.64188349408303	0.399050996269993	-4.11447035449111	3.88069426198803e-05	0.000529363852918527
ASV2957	3.18289730349779	-1.71894045030388	0.444353871975478	-3.8684043477824	0.000109549894370451	0.00122148132223053
ASV296	4.91222301536827	-2.50850453321165	0.428879574617048	-5.8489717899285	4.94620957787228e-09	1.87172698338463e-07
ASV2979	1.70496407232184	-1.14617278038503	0.359146506010015	-3.19137945435857	0.001415951833902	0.00954011364170339
ASV299	4.98120061131241	-3.06616732079571	0.500021134707511	-6.1320754423496	8.67399501337672e-10	3.86860177596602e-08
ASV2994	2.00829589732094	-1.38925130151135	0.386857522092727	-3.5911187508934	0.000329261560618527	0.00306151571748141
ASV30	460.865915748753	-3.24541250163239	0.808669559447488	-4.01327398035085	5.98823396685031e-05	0.000754635184667697
ASV3005	3.10769315569031	-2.30923445917462	0.459096156638872	-5.02995815970439	4.9058687952651e-07	1.17033493260068e-05
ASV3008	2.09931343944849	-1.57809901024399	0.390049210339585	-4.04589720581682	5.21231030878801e-05	0.00067852638512116
ASV3009	2.30655123830502	-1.76113400148077	0.403126457124378	-4.36868870885695	1.24994783291489e-05	0.000203966896905763
ASV3028	1.9789008703881	-1.46631635192043	0.380648012523079	-3.85215817153789	0.000117081352565772	0.00129420314075398
ASV303	3.50145732995293	-2.51659517057707	0.457511861946094	-5.50061185271211	3.78475563030488e-08	1.12860532719963e-06
ASV304	7.77628507977613	-1.71071913221163	0.535169495216939	-3.19659313077656	0.00139060926916412	0.00943443775336349
ASV305	2.84331268932372	-2.05736524815346	0.456823289214057	-4.50363476803703	6.68009722391188e-06	0.000119797967347706
ASV307	5.85242848438887	3.13068588596058	0.530941466207621	5.89648028119232	3.71337110754519e-09	1.4538840008091e-07
ASV3085	2.43618631367475	-1.86552667033421	0.411390722177287	-4.53468337949117	5.76899606925836e-06	0.000104926173188745
ASV3086	2.30528929568125	-1.56821375601146	0.394631525835167	-3.97386841482727	7.07146400224837e-05	0.000871863915084901
ASV31	16.1634995871749	-3.48850772457238	0.57389837014794	-6.07861584216228	1.21224391147802e-09	5.13851158840558e-08
ASV310	3.15259477099055	2.20411684820265	0.475646215545863	4.63394173266605	3.58768014299861e-06	6.86154783535207e-05
ASV311	3.06874866331525	-2.03201798224965	0.423197891714523	-4.80157869883811	1.57419618208775e-06	3.26884705179273e-05
ASV3122	2.22129897313029	-1.68780721042375	0.415972567061169	-4.0574964410467	4.96015728875736e-05	0.0006506559267017
ASV3123	3.92113220537134	-2.31433820961014	0.464533710014199	-4.98206730689017	6.29085441452538e-07	1.45341406721174e-05
ASV3128	5.46565722450857	0.982917404057557	0.307584239263542	3.1956039308483	0.00139538516982804	0.00944368695061459
ASV3151	2.67838750258184	-1.6945606020158	0.417936202843175	-4.05459156322877	5.02219760288201e-05	0.000657113558805659
ASV316	56.7852095227976	-6.22838872689135	0.616207206631433	-10.1076207156673	5.11104284589129e-24	4.36908979276274e-21
ASV3161	3.52930677560076	-1.92093337566371	0.423285470419061	-4.53815098770563	5.67496232834334e-06	0.000103583209188872
ASV3162	2.49131711018875	-1.54561888200514	0.410611540745661	-3.76418762901386	0.00016709139239747	0.0017525802691342
ASV317	5.39223134910121	1.66277832725964	0.497161105636088	3.34454628169718	0.000824172773523382	0.00629982437466681
ASV3176	2.1381711265009	-1.32795216259484	0.370813097318582	-3.58119001782168	0.000342032776664185	0.00315519084804066
ASV3177	2.19877627379582	-1.51848511658324	0.39434235060064	-3.85067724597768	0.000117791646272958	0.00129646642432189
ASV318	5.28977254461095	-2.76119422284355	0.51027634988551	-5.41117420680593	6.26128235094616e-08	1.73589822583799e-06
ASV3182	1.92096659309282	-1.40552945192015	0.388588669804892	-3.61701089387362	0.000298024765356442	0.00284649724676572
ASV319	16.5725595778562	-4.89084138005366	0.588126104375506	-8.31597397848363	9.10017882678658e-17	2.12158260011765e-14
ASV3214	2.93988932581263	0.976672883132469	0.305053754912993	3.20164189885496	0.00136646754670965	0.00935729245270202
ASV322	2.79972302947127	-1.4656935068542	0.426830008291621	-3.43390454837187	0.000594953663686677	0.00490597643255461
ASV325	69.4646837665219	-7.07178493186463	0.647653423035122	-10.9190883277106	9.34288805964735e-28	1.59732242859771e-24
ASV3257	1.80944367230639	-1.28002039729768	0.376343278604333	-3.40120435269795	0.000670896547613503	0.0053934614305794
ASV3258	1.92497836730307	-1.30496464477147	0.381093386474577	-3.42426473690204	0.000616465351151156	0.00505087984992697
ASV326	9.84501066069335	-4.17871852898224	0.561663200121908	-7.43990086599096	1.00760886223541e-13	9.57041824889893e-12
ASV3265	2.58584543973283	-1.97642854711646	0.422537771044864	-4.67751922444493	2.90366359297804e-06	5.70608834037716e-05
ASV328	2.76142580159247	-2.09704296021403	0.459915324868102	-4.55962836379814	5.12442260129268e-06	9.38684411501077e-05
ASV3292	2.70818066186887	-1.79780363201913	0.423473295562657	-4.24537662907513	2.18226554549279e-05	0.000331149111918123
ASV3294	1.83931009959393	-1.20826157623982	0.378217439634784	-3.19462153148344	0.00140014320234541	0.00944912432214422
ASV33	48.9653349698957	-1.78154205018936	0.50881460536697	-3.5013579236871	0.000462893709040852	0.00408637148652415
ASV330	35.2574759037977	-2.5839390101196	0.552349673664304	-4.67808551959065	2.89565782650861e-06	5.70608834037716e-05
ASV3303	1.86625981722935	-1.23407924624715	0.381749635273033	-3.23269266613581	0.00122629412816277	0.00860418958050181
ASV331	22.3651624251183	-3.91085746715436	0.622856962453524	-6.27890142184319	3.40973686549933e-10	1.60445324616019e-08
ASV3315	1.82190745245783	-1.29512675149299	0.38272427313251	-3.38396815256235	0.000714462899473215	0.00558609788322884
ASV332	15.0080610226543	-4.35291228426882	0.553139556355187	-7.86946482900544	3.561615211781e-15	5.00326200345402e-13
ASV334	3.49298394231757	2.28421496266278	0.464843658561491	4.91394239889499	8.92629849601281e-07	1.94821212706594e-05
ASV335	6.29567981263062	2.93772334572331	0.532953168016091	5.51216039611686	3.54455667506855e-08	1.06941359920156e-06
ASV336	1.99828287871946	-1.37579247727945	0.389249754561211	-3.5344723051408	0.000408590251618201	0.00366665341803799
ASV3369	3.23525802459581	1.49901631869078	0.43630033665344	3.43574412568347	0.000590928795510665	0.00488063412588438
ASV3375	2.22929403207028	1.3760099280074	0.393724733039042	3.49485265349319	0.000474323533068862	0.00414447257429335
ASV34	328.642250143349	-2.0252103338912	0.549915085602304	-3.68276918912499	0.00023071403600386	0.00228884388909825
ASV340	3.55257598285458	-2.45649761457038	0.484530673593195	-5.0698495439998	3.98130308287152e-07	9.67777417632608e-06
ASV3437	2.37976062164809	-1.28709519371816	0.393210481373626	-3.27329828345846	0.00106300234091799	0.00771165347463705
ASV345	9.20885780818618	-3.22931735423793	0.526900677652945	-6.12889201172179	8.8493161029035e-10	3.91277088722345e-08
ASV3460	1.91824841888122	-1.44604584419767	0.396795276988483	-3.64431213791801	0.000268107882827659	0.00262428498286844
ASV3466	2.0318709542164	-1.51095963421434	0.387532051795224	-3.89892817178577	9.66194283254471e-05	0.00110616305330629
ASV3476	3.04787987740667	-2.27507572689333	0.426783900774495	-5.33074402001738	9.78112074926786e-08	2.64038780647341e-06
ASV348	6.10882260687651	-3.00082419184891	0.524769409400616	-5.71836722585718	1.0755250823187e-08	3.77833434740591e-07
ASV349	12.1451759434795	3.59896806394525	0.564451390242296	6.37604606200077	1.81718292206943e-10	9.22805070029117e-09
ASV3494	1.61722587788274	-1.02888897352347	0.322425034518893	-3.19109517987252	0.00141734579742211	0.00954011364170339
ASV351	10.2816784224336	-4.24539815257599	0.566959758081437	-7.48800614516665	6.99277539243144e-14	7.03253823289821e-12
ASV353	2.53106206955049	-1.75177780888891	0.423225904169247	-4.13910819643115	3.48658499163483e-05	0.000488598208253962
ASV354	13.3563749028047	4.03987914987254	0.556795167540089	7.25559305358315	3.99905734134202e-13	3.10775228844594e-11
ASV3545	1.84480656854987	-1.31754535365974	0.380090602535621	-3.46639812947301	0.000527481577905864	0.0045546347021535
ASV3550	1.8085510799061	-1.17333150736383	0.367227847606609	-3.19510493283929	0.00139780008914193	0.00944573999632273
ASV356	4.41519426572511	2.71946155499711	0.513529741842056	5.29562619925823	1.18609245830112e-07	3.1525455783113e-06
ASV3564	2.16281948916629	-1.63560614309216	0.411866403852903	-3.97120553604639	7.15098501156548e-05	0.000877449811586587
ASV360	3.12685666583234	1.8693522764442	0.448893613782508	4.1643548026725	3.12234251242933e-05	0.000447332255481844
ASV361	5.31256363955852	2.8922986219172	0.519230023276064	5.57036090414869	2.54212197763331e-08	7.99910651735045e-07
ASV3615	2.11351969139076	-1.59162305436672	0.379300021237148	-4.19621135051716	2.71416985754788e-05	0.000395135844678654
ASV3624	6.25756240289777	-3.47303636086845	0.495268983183714	-7.01242451837563	2.34223231352097e-12	1.66851521334015e-10
ASV3630	1.87847380089507	-1.35320496278161	0.375466209894868	-3.60406589759572	0.000313277572087583	0.00293747836789253
ASV3666	2.11632736548487	-1.59338595128653	0.39443084310422	-4.03970931569748	5.35174881181336e-05	0.000694914421665587
ASV3670	1.78955050497585	-1.25217283687489	0.357034406866826	-3.50714892680345	0.000452935580265696	0.0040053561916944
ASV369	11.5592104922593	-4.14178687230135	0.565884629290162	-7.31913654819844	2.49571548951535e-13	2.03182932471813e-11
ASV3721	1.86412498713647	-1.33714209868401	0.386492244099079	-3.459686757236	0.000540804106893401	0.00459404990800751
ASV378	21.3733435122852	-3.7154856086809	0.570873060597232	-6.50842694309986	7.59418263042344e-11	4.10005923278335e-09
ASV3793	2.41641189423682	-1.40288156644875	0.405384023830257	-3.46062371475243	0.000538925538748962	0.00459160978113526
ASV380	12.5896018015826	-4.55260887803317	0.573920000658844	-7.93247991498276	2.14812468752296e-15	3.44304110072039e-13
ASV3805	2.91491867716757	1.69603785842362	0.429341936410689	3.95031958117706	7.80469116803064e-05	0.000933106317035645
ASV381	3.1114783602654	2.22776483484117	0.496552913597255	4.48646010090291	7.2416270947077e-06	0.000128966338085958
ASV3826	1.81167311575662	-1.28162814199546	0.372783028501591	-3.43800024144604	0.000586027176005051	0.00485578899148612
ASV3829	4.6476774527158	1.08099404018235	0.332985710043138	3.24636765956805	0.00116887778797346	0.00829208046267756
ASV383	3.96902509879042	-2.64350322129332	0.482587146049117	-5.47777379264111	4.30710252096762e-08	1.2410746533732e-06
ASV388	11.1832541907313	2.06757591309535	0.570087794166648	3.62676755098349	0.000286991431369903	0.0027767211705379
ASV3886	1.67137935953755	-1.10581034986824	0.343173793818476	-3.22230417877761	0.00127164055781281	0.00882577052912304
ASV390	45.1556940082425	2.79805738488625	0.693654455616667	4.03379141044908	5.48840418438475e-05	0.000710859218730035
ASV3904	2.44628656056045	-1.26070939578464	0.38033692945284	-3.31471728921596	0.000917358515983908	0.00687884770245828
ASV392	2.82041704665636	-1.87235518592277	0.442092995715096	-4.23520662862842	2.28341639805428e-05	0.000343449932716142
ASV393	15.0282838841396	-2.45265891994084	0.600029639622525	-4.08756294353025	4.35928422926438e-05	0.000583779864540392
ASV3936	2.08821378711944	-1.27359243399437	0.389956462896649	-3.26598621942037	0.0010908355778678	0.00781410011017312
ASV3938	2.07173914775574	1.33567172015363	0.380419916006292	3.51104572593285	0.000446347614987835	0.0039539152284501
ASV3952	3.79134390901439	-2.4856556782787	0.448612115887904	-5.540768049385	3.01147886661002e-08	9.13957106913774e-07
ASV3953	1.80775171343907	-1.27170687851213	0.380365699334234	-3.34337949173134	0.000827646322979955	0.00631696129548243
ASV3974	1.80090519569818	-1.26722538817007	0.368056325577037	-3.44302026648589	0.000575256203082493	0.00478199200260958
ASV398	9.35713273421282	2.25278636569082	0.569231044044851	3.95759575880285	7.57079402985275e-05	0.000909381793421891
ASV404	6.85408969753024	-2.76651392080564	0.493103538679294	-5.61041181780067	2.01845705004413e-08	6.5523203858711e-07
ASV405	3.37278246459385	1.8450302524928	0.465721962095562	3.96165610097257	7.44316948738222e-05	0.000900377742943004
ASV4056	2.48423337499644	1.48972055112897	0.420022319943218	3.54676520840692	0.000389991990352999	0.00354231481090662
ASV4057	2.2963078764472	-1.30454272013953	0.391409212982413	-3.33293820602569	0.000859340262440028	0.00648170030302191
ASV406	49.1207341241467	-5.90967864073165	0.608906537096458	-9.70539529582268	2.85965658895489e-22	2.09531123496423e-19
ASV409	6.25407041751782	-3.4720240996683	0.518271683347691	-6.69923557706516	2.0951260656226e-11	1.26422371653862e-09
ASV412	4.72666438713369	-2.7850692399296	0.502642039274139	-5.54086013965623	3.00989543719167e-08	9.13957106913774e-07
ASV4141	2.24664533633575	-1.25555063448048	0.382995673187902	-3.27823712479512	0.00104457606754741	0.00762109623108203
ASV416	1.83630918237842	1.20881238591512	0.380142823926275	3.17989005666343	0.00147330938582154	0.00978834694284805
ASV4165	1.70503880308539	-1.14616591864922	0.353373006349181	-3.2435016202586	0.00118070139140494	0.00834134633128916
ASV418	4.29862848403983	-2.69936015931748	0.497514509651522	-5.42569132548157	5.77306527521871e-08	1.60924194546722e-06
ASV42	65.6755109226416	-5.04586732782368	0.67489184742136	-7.47655694331326	7.62950921860428e-14	7.52533707350411e-12
ASV4238	1.80686097945226	-1.27827669927621	0.376106894116398	-3.39870584472882	0.000677054923436637	0.00542713515011098
ASV4243	2.85121981769627	0.97914161578526	0.308287915612923	3.17606226581596	0.00149288904196705	0.00986730399001159
ASV426	1.899457057275	1.27353742025562	0.395780746456795	3.2177851794381	0.00129184532578099	0.00895388469720363
ASV4264	1.96276621775234	-1.44477366845525	0.381863213359664	-3.78348481317174	0.000154647764857095	0.00163881897923975
ASV43	24.5613113850126	-4.61963800065761	0.591856417897093	-7.80533565399443	5.93433902873239e-15	7.24695830437344e-13
ASV4305	2.16022622647349	-1.63779197318399	0.399128454751229	-4.10342072505155	4.07085982591867e-05	0.000553831300985063
ASV431	4.91584294925966	2.98644299322461	0.547439763280926	5.45529059731832	4.88928193888182e-08	1.38547663339916e-06
ASV4318	33.1208921347655	2.23987773588239	0.622264005994185	3.5995617845576	0.000318753893289248	0.00298337357423458
ASV4321	2.30019316635616	0.988026673700025	0.310497250422502	3.18207865723638	0.00146222100997608	0.00975257680125787
ASV4341	2.19824679292434	-1.29009627231182	0.392710472935496	-3.28510788792668	0.0010194332793299	0.0074695332709758
ASV4344	1.84625973026828	-1.2128627638895	0.375260300507134	-3.23205722068232	0.00122902442728955	0.00861156596662308
ASV4351	4.38866092977114	1.13975305449667	0.327885881670267	3.47606627248087	0.000508826531053146	0.00441585664597561
ASV436	10.5577709381302	-3.40441306336941	0.556011153457991	-6.12292225110306	9.18745324320365e-10	4.02755963114458e-08
ASV437	5.73743151728569	1.47851833546725	0.465284211466144	3.17766710976143	0.00148465104851275	0.00982551642299596
ASV438	4.44170740330962	2.51664634258341	0.503892166388091	4.9944145006714	5.90145283251114e-07	1.38212564282875e-05
ASV4383	2.12284022143285	-1.59759314783421	0.397328634199658	-4.02083567687552	5.79920486150406e-05	0.000739755012568221
ASV439	8.38177775451127	-2.08788235785598	0.577391908723847	-3.6160575274957	0.000299123927863907	0.00285168517846465
ASV4407	1.81119618802838	-1.17515516235268	0.362497080482866	-3.24183345363033	0.00118763405327716	0.00836727343304743
ASV4427	2.0006865901103	-1.48045182663385	0.395016600680488	-3.74782179808013	0.000178376908902357	0.00185577112730261
ASV4432	39.4979100205806	3.99641214436797	0.602358087086361	6.63461191946279	3.25357403687506e-11	1.89631604944684e-09
ASV4438	40.2023843608372	-3.7111192400668	0.640916176081476	-5.79033480283859	7.02462583645265e-09	2.51953188217942e-07
ASV4444	2.34776331891646	-1.69894873815235	0.383311683593333	-4.43229051153791	9.32372753218216e-06	0.000159937787667432
ASV4445	3.14848485208356	-2.37851956515667	0.449150340230196	-5.29559782574728	1.18627665551585e-07	3.1525455783113e-06
ASV445	6.34343067190296	1.61409895166975	0.437400625561089	3.69020723186945	0.000224071438827557	0.00224465314403621
ASV4456	2.56500854175944	1.5486003684184	0.429448928861497	3.60601753629673	0.000310932133726239	0.00292082584960052
ASV446	13.6369662282479	-2.57937212870401	0.586752968489141	-4.39601036079248	1.10258673352005e-05	0.000183015124796904
ASV448	2.63430654727007	-1.42697976174052	0.432396860026917	-3.30016217428518	0.000966289721475196	0.00717235887329419
ASV450	9.56170127160918	-4.05678212419283	0.555479924091348	-7.30320205690403	2.80998705001373e-13	2.25194118430006e-11
ASV4504	2.12552655546038	-1.6076661326701	0.395429233009939	-4.06562286868075	4.79043478742853e-05	0.00063000359037746
ASV4506	2.85132712587581	-1.08341891747297	0.309902474115875	-3.49599957394297	0.000472289454013806	0.00414080787972104
ASV453	40.8344028052461	-3.55178968915661	0.634952901068943	-5.59378448886079	2.22172705487062e-08	7.15024069624456e-07
ASV4539	2.08960982853078	-1.56714428193206	0.367759480571336	-4.26132938706954	2.03214461745795e-05	0.000312999091379634
ASV457	2.27715534196679	1.6213098594434	0.405070879433094	4.00253373363315	6.26677291737451e-05	0.000780152385757618
ASV4599	1.96985129141933	-1.44944303661231	0.392315069911378	-3.69458924160047	0.000220242532811343	0.00221197799115225
ASV4603	4.15702572956367	1.07610262311938	0.319261050836699	3.37060415073869	0.000750035480571845	0.00581986683790165
ASV4610	2.99834603544275	1.01661811231403	0.293731928518527	3.46104053938389	0.000538091775001993	0.00459160978113526
ASV4624	4.32581204805275	-2.28217922018454	0.458923742940484	-4.9728942014676	6.59606628865671e-07	1.50229233122206e-05
ASV4649	3.08787695582833	0.948164207163374	0.289894800079867	3.27071822917193	0.00107274737707945	0.00775226514310357
ASV465	4.98784102889131	-2.60077687765405	0.457357677073932	-5.68652721496491	1.29648733212652e-08	4.40376392481917e-07
ASV4658	1.7928564488259	-1.25427836592976	0.374157482936232	-3.35227390372287	0.000801506786166999	0.00616331080397382
ASV4663	2.70978679846043	1.08630274392201	0.304585855845797	3.56649109954721	0.000361793091740081	0.00331956487931104
ASV468	42.3949104501701	-5.34543943344172	0.604957124756889	-8.83606327570713	9.91506343178854e-19	3.17839752135271e-16
ASV4698	2.03529175649818	-1.52252194019456	0.398249681105451	-3.82303367065701	0.000131819770753531	0.00142337600883128
ASV47	458.375288360266	2.86900340093128	0.84746892967364	3.3853788622506	0.000710800749789554	0.00557446031448108
ASV470	30.2452553497692	-3.92376783122889	0.600557848032112	-6.53353851604164	6.42336649272719e-11	3.5425211549675e-09
ASV4705	3.26039796885159	1.00141113635284	0.298559728361262	3.35414003036978	0.000796120630469711	0.00613108515567439
ASV4759	1.88653249844868	-1.35864299405467	0.384296829120823	-3.53539995935671	0.000407158381476605	0.00366665341803799
ASV4779	2.02069765351603	-1.40230109160014	0.385004148958695	-3.64230124634472	0.000270211592633432	0.00263983858784166
ASV478	4.41567630216608	-2.90834161972827	0.507425211606865	-5.73156704318733	9.95070027301426e-09	3.51980287588208e-07
ASV4794	2.01023942000612	-1.49689074575993	0.386607611788866	-3.87186051209311	0.000108007759456596	0.00121355836762495
ASV48	15.7385866880964	3.31063270388075	0.583558217690882	5.67318324636195	1.40168152324025e-08	4.69883956385573e-07
ASV4801	2.18605521868504	-1.66166283846618	0.405997342988958	-4.09279239670141	4.26209284528067e-05	0.000575270373774857
ASV481	36.3918947073426	-4.16262258829291	0.613797626633337	-6.7817508697855	1.18728087000607e-11	7.61195447782639e-10
ASV482	2.0839012534161	-1.46431150278557	0.414372987815883	-3.53380057542797	0.000409630027010289	0.00366665341803799
ASV4839	2.36104214559577	1.21135835580328	0.346118660990502	3.49983543891187	0.000465545460027361	0.00410271935477721
ASV486	5.25420413722206	-2.88549116109746	0.494335682504484	-5.8371087971609	5.31144150714551e-09	1.95988370432729e-07
ASV488	6.78985031500747	3.54354042510005	0.545744403064531	6.49304034123287	8.41211513060229e-11	4.49434776092283e-09
ASV489	2.59758825739685	1.80683404206534	0.460034134886629	3.92760863823859	8.57946703601098e-05	0.00100009287335683
ASV49	19.6550440276332	-4.5027570994846	0.590248732432347	-7.62857563612081	2.3736156878378e-14	2.57230550430066e-12
ASV490	1.93709567411573	-1.41642691612044	0.409843529331963	-3.45601873580678	0.000548217213947273	0.00461708717624887
ASV4926	2.64807736148874	1.19280748775384	0.31902099510615	3.73896234433396	0.00018478140009456	0.00190310000217871
ASV4933	1.91096543642259	-1.2831181896431	0.373742185284775	-3.4331639300108	0.00059658127854882	0.00491150140879117
ASV494	18.0381442385236	-2.32733888921432	0.616534130755134	-3.77487437129196	0.000160088321611833	0.00168949177273064
ASV497	1.80466587785036	-1.31727568342765	0.381699333045355	-3.45108196264815	0.000558343979022757	0.00467932396798647
ASV498	4.9630390069792	2.54929266226063	0.514774436686458	4.95225186135917	7.33595701309087e-07	1.63591841391926e-05
ASV500	5.69562822125514	2.18778590929035	0.506062364747108	4.32315473683493	1.53813772005982e-05	0.000243160907312053
ASV5011	1.74759671578538	-1.20908407477673	0.361359050468123	-3.34593549880769	0.000820054694502702	0.00627770228075277
ASV5017	1.80564808628202	-1.27744113389789	0.376496114224661	-3.3929729567823	0.000691384635367526	0.00548560897737855
ASV5067	19.6570499009375	-2.55095725156312	0.557586533970752	-4.57499795304764	4.76224642661914e-06	8.75468169251955e-05
ASV509	2.49493064950629	1.45239913459977	0.421177005567887	3.44842931926319	0.000563857022234626	0.00471063171410071
ASV5091	1.81860653735964	-1.28633982209888	0.356416980365898	-3.6090868083174	0.000307276780571439	0.00290005404764286
ASV5100	2.24089352733669	-1.65906565591509	0.401260230471025	-4.13463764890821	3.55515118678134e-05	0.000495499196657649
ASV512	3.31763839294354	-2.33671013590018	0.477153894436246	-4.89718341010501	9.72200885563186e-07	2.09513375716537e-05
ASV5125	1.91247926787955	-1.1815306243923	0.361219267967786	-3.27095127300262	0.00107186377174012	0.00775226514310357
ASV514	6.03068140492058	-2.85829200990678	0.521993134251729	-5.47572721239735	4.35718477049628e-08	1.24849165854053e-06
ASV518	4.14869419302683	-2.84731959369346	0.493435536256384	-5.77039832861577	7.90843690169989e-09	2.81683144922352e-07
ASV5236	1.91404658290907	-1.38919631377535	0.371342531891641	-3.74101050773448	0.000183281857008558	0.00189145401327343
ASV5249	2.88361411281325	1.0022805302206	0.295016833446827	3.39736725701534	0.000680375882534872	0.00542713515011098
ASV5278	1.66591096428668	-1.10301038335145	0.339865958422228	-3.24542766351769	0.00117274355013113	0.00829655402568627
ASV528	42.9029548789377	-2.30825048238636	0.602096009413985	-3.83369171410546	0.000126234332104402	0.00137464095406259
ASV5311	2.70813597775079	1.23642417818776	0.309156331163457	3.99934936973371	6.35168584534067e-05	0.00078880863682209
ASV533	30.9815237577153	-3.69426571444587	0.622487013994914	-5.93468720052054	2.94406245202079e-09	1.17969502471989e-07
ASV534	2.84899874519515	1.48270434262487	0.440577597521971	3.36536480965972	0.000764425167572182	0.00591362999167077
ASV5340	2.27400489940845	1.32072437723586	0.312566717916052	4.22541589213785	2.38499893057249e-05	0.000354569841011777
ASV5351	1.76362614210036	-1.21920285709123	0.370805391065908	-3.28798579110877	0.00100906932131337	0.00740417245925073
ASV5352	1.68146638347178	-1.11145408522987	0.348907329357874	-3.18552805203426	0.0014449009502731	0.00965956058430492
ASV536	6.99676232653775	-3.64933750054983	0.53008467461402	-6.88444257175909	5.80142514728516e-12	3.81480892056738e-10
ASV537	6.37697897276427	-1.75364105987391	0.524690638142868	-3.3422381349911	0.000831057293207539	0.0063308159085198
ASV539	12.1625589879665	-4.35240216417283	0.552573471055302	-7.87660355076518	3.36400141783244e-15	4.92970379201789e-13
ASV5423	1.74913376306285	-1.20963631260346	0.369296290585656	-3.27551709410657	0.00105468731381138	0.00766216888461553
ASV5433	1.77810717100544	-1.24500007283907	0.361858360448172	-3.44057291172464	0.000580484013356274	0.00481764159304908
ASV5434	2.09501610024032	-1.57966612247639	0.39336792545893	-4.01574714215309	5.92577637128632e-05	0.000752309579414048
ASV5435	2.09465013423468	-1.57941568296068	0.393697945659006	-4.01174479159884	6.02716365553056e-05	0.000757679470323927
ASV5437	14.5135865206561	3.21169924622142	0.568954809256126	5.64491097354554	1.6526674548197e-08	5.50424115309755e-07
ASV5460	1.73618703772344	-1.18423238709314	0.356821076141811	-3.31884091572689	0.000903919095677968	0.00679794874154296
ASV547	33.7560708807239	-2.7468927932227	0.622378036722031	-4.41354390924552	1.01692081077846e-05	0.000171571935476406
ASV5477	2.17066316089177	-1.26756209063421	0.383851315838308	-3.30222155905845	0.000959222700077412	0.00714057072379832
ASV5478	1.68960126196977	-1.12682688691805	0.346156923235912	-3.25524873627936	0.00113293094725146	0.00805936592018412
ASV549	8.33032362195944	-2.06060477788087	0.553221715662676	-3.72473588715255	0.000195519814408865	0.00200163897824964
ASV550	26.5839039367081	-3.98923742782234	0.573570666635812	-6.95509317312298	3.52329100021944e-12	2.44202155947642e-10
ASV5513	2.0074611188622	-1.48500558485439	0.395511266889085	-3.75464799406292	0.000173585256869324	0.00180959102130643
ASV553	13.8533148396824	-1.86871586401632	0.578273764713967	-3.23154183717922	0.00123124298198109	0.00861534141143385
ASV5538	5.4937489249583	1.06589358168804	0.323850581620372	3.29131285284372	0.000997209436537363	0.00733814519368742
ASV560	3.78179874701269	-1.59896947405944	0.463965774299947	-3.44630910862346	0.000568299908204497	0.00473952882793637
ASV562	3.65632794411529	2.45647365552511	0.492696632867561	4.98577317492124	6.17145133722015e-07	1.43878972311828e-05
ASV567	6.44328347585264	-2.9092354026209	0.468833355045557	-6.20526541320466	5.4604667532568e-10	2.45673105065387e-08
ASV5672	5.30068038161417	-2.57980313149794	0.463546001486157	-5.56536594691127	2.61602826232496e-08	8.18146887650288e-07
ASV568	2.85725793037761	-2.15676604304894	0.468162686954791	-4.60687300194262	4.08769480649687e-06	7.59629951540669e-05
ASV5732	1.86378308057546	-1.34373895869242	0.372312598369792	-3.6091686517623	0.000307179862048321	0.00290005404764286
ASV574	4.02148931836651	-2.75107521313292	0.493292155914422	-5.57696930743449	2.44745030694416e-08	7.74874853352877e-07
ASV5755	2.88156912146682	1.28547002447554	0.312414483297442	4.11463006102595	3.87800852514954e-05	0.000529363852918527
ASV5767	1.86873512042457	1.02479496377835	0.313558818384753	3.26827026921909	0.00108206982296493	0.00777529876867328
ASV5773	1.85466907996916	-1.32381930829477	0.357035641391986	-3.70780716214649	0.000209061757322284	0.00211494625898618
ASV579	2.10879213115976	-1.48388643969529	0.415585146456798	-3.5705954660474	0.000356170610943881	0.00327383344718847
ASV5791	1.79246912052597	-1.1466933729386	0.357761640715407	-3.20518815445276	0.00134974216967938	0.00925511709663841
ASV584	3.20062078593024	-2.36075254961956	0.476245055579706	-4.95701219773494	7.15854840516563e-07	1.60332728253688e-05
ASV5843	1.76953139986167	-1.22309357682985	0.371269654201629	-3.2943537479786	0.000986482649538532	0.00728010001364479
ASV589	5.77092669745955	2.5294779103997	0.517189112712014	4.89081817120189	1.00417695671089e-06	2.15498895856491e-05
ASV59	119.239377218887	-7.30556729345465	0.647780823486364	-11.2778381646681	1.68844251856539e-29	4.33001083886094e-26
ASV590	2.57150210935835	1.94911864101552	0.441612606973382	4.41363903619944	1.01647385858831e-05	0.000171571935476406
ASV5915	5.23311947284125	1.11987639922394	0.314907050770606	3.55621252837466	0.00037623975170519	0.00343808751781302
ASV592	7.15934709035487	2.63340417977356	0.548157109666492	4.80410475999438	1.55445430800408e-06	3.25420250847059e-05
ASV5928	1.72057862329712	-1.17485498836856	0.354533315509703	-3.31380701607549	0.000920350051758948	0.00689120498608999
ASV5949	3.72175472145409	1.44888020466872	0.320759794897688	4.51702559895596	6.27143263189728e-06	0.000113661406250887
ASV596	4.26305746444371	-1.76631432526025	0.502454542488728	-3.5153713936219	0.000439139394676334	0.00390354584973122
ASV597	4.18411875638849	-2.73500830971336	0.497502485982709	-5.49747666951038	3.85264266597349e-08	1.1422083372126e-06
ASV5981	1.81041844763995	-1.28120418000626	0.3616762577298	-3.5424060955735	0.000396494563179511	0.00358031798335865
ASV6033	2.61277103892135	-1.36390322348722	0.395846477116513	-3.44553583859676	0.000569928387092919	0.00474539398928503
ASV604	29.3570525995845	-2.11161357908762	0.625020961482704	-3.3784684182085	0.000728908043716259	0.00566974902046569
ASV6045	2.4767845667461	1.05590463235263	0.305944896281477	3.45129023293519	0.000557913259164338	0.00467932396798647
ASV606	2.86266265158852	-1.47255622140165	0.4297788282193	-3.42631168571724	0.000611837852673995	0.00502903260635404
ASV609	2.32953995828668	-1.68328888979062	0.426254384379009	-3.94902422468433	7.84704110801203e-05	0.000933816098445329
ASV6123	2.05383529401151	-1.3367680749402	0.370209056944391	-3.61084649298842	0.000305199269663837	0.00289882787797374
ASV615	10.6252863227009	-2.66812487949287	0.538091999613097	-4.95849200770746	7.10424607296355e-07	1.59814377667676e-05
ASV6157	3.72052766592591	1.04891327843176	0.317566217049301	3.30297500841822	0.000956649132808223	0.00713176366594968
ASV6184	2.33500123629349	-1.59593189519946	0.39109172966772	-4.08070990546232	4.48983623988711e-05	0.000599697137353672
ASV6188	1.70257817295535	-1.14468119334871	0.356994922724146	-3.20643549945728	0.00134390429334757	0.0092347681518712
ASV6203	2.56137681723538	1.04834145698553	0.32488378523137	3.22681988034257	0.0012517422970298	0.00873494726730049
ASV623	3.06879859138874	-2.11008455194433	0.453689384482564	-4.65094539152795	3.30416820996564e-06	6.41934801095219e-05
ASV625	2.69971039692945	2.08622071891095	0.466721756657483	4.46994529214111	7.82396071359081e-06	0.000138764294960753
ASV626	2.01782111369159	1.39531242053972	0.41544663475224	3.35858400049827	0.000783429066303518	0.00605151759197401
ASV6272	1.73727859617751	-1.18509823466038	0.367411829165159	-3.2255309725688	0.0012573922985215	0.00875056322810958
ASV6280	1.79243357148759	-1.14611779190223	0.353529992972326	-3.24192519640602	0.00118725180822702	0.00836727343304743
ASV63	55.3175613032856	5.81668944671481	0.668332444310655	8.70328755730897	3.22405622762187e-18	9.18676910637366e-16
ASV630	3.79396729421303	1.83079706251691	0.456934942262091	4.00669087256363	6.15753675437299e-05	0.000768418637790245
ASV639	2.770481487126	-1.48211290693167	0.418074557872134	-3.54509232629498	0.000392475587120023	0.00355654997586325
ASV640	5.31986260996494	2.66385949094458	0.504832673107553	5.27671767864568	1.31518266089515e-07	3.47709890089239e-06
ASV645	2.35228258997604	-1.345056071935	0.422815973024437	-3.1811855694895	0.00146673644862111	0.00976998862984111
ASV6512	2.62263228785719	0.944808440168925	0.292871523388688	3.22601675040633	0.00125526010423252	0.00874759385137037
ASV654	2.99072246592187	-1.98344684075927	0.402112901777326	-4.93256205407113	8.11579839177557e-07	1.78652059877326e-05
ASV6556	1.80668324158585	-1.27864995224513	0.366343761328282	-3.49030087917706	0.000482477010178852	0.00420854521293764
ASV656	4.10137870069591	-2.06828175986756	0.476420801280641	-4.34129188798626	1.41647402919476e-05	0.000225624077507451
ASV6583	5.13606141000546	1.11881521715888	0.340701615222033	3.28385651013058	0.0010239704249137	0.00749207462108752
ASV6598	4.59279868156157	1.09856182524751	0.323651741496149	3.3942713243846	0.000688114809168402	0.00547184628872052
ASV660	1.94670435939609	-1.42294607897531	0.388062660860613	-3.66679462491862	0.000245609899573318	0.00242256379790683
ASV6604	1.82032343923483	-1.28733125343325	0.377572782338373	-3.40949166266855	0.000650840672216785	0.00528190159462008
ASV6636	6.88062721574089	-1.75291393538339	0.550011245713695	-3.18705108130799	0.00143731388010776	0.00963657894257866
ASV6640	1.8067734792725	1.17706240532851	0.365935732543923	3.21658231391009	0.00129727313454689	0.00897937099472467
ASV666	2.86760424215693	1.93974914413799	0.458726650189748	4.22855123707251	2.35200956716574e-05	0.000351704287754901
ASV67	435.12852226814	-3.61414667746536	0.725342837806939	-4.98267369454239	6.27116539781582e-07	1.45341406721174e-05
ASV674	2.86206403008758	-1.81441779412994	0.439685119921393	-4.12662997204526	3.6811799143719e-05	0.000510291129211175
ASV675	3.91268633444157	2.51837507090814	0.51111332787826	4.92723420334673	8.34017636195565e-07	1.82806686155857e-05
ASV676	3.31036847186485	-2.41820993867319	0.447097871668225	-5.40868139150449	6.3490462311868e-08	1.75076656557834e-06
ASV6783	1.66246371430371	-1.10090800093823	0.344140012603096	-3.19901191555987	0.00137899469218709	0.00939291338144432
ASV681	7.01836865867588	1.76185825413104	0.548694037508823	3.21100309770126	0.00132272508934455	0.00911862497748413
ASV6869	3.89321209167488	1.04288125225609	0.316523972354904	3.29479389664285	0.000984938901987965	0.00727918102059982
ASV6890	2.71149128318801	1.476040447671	0.419987436845883	3.51448714455866	0.000440603997217394	0.00390978875731491
ASV69	20.5076392517738	-5.06757259173509	0.604789556206694	-8.37906762729081	5.33486164819202e-17	1.30297644731318e-14
ASV690	8.00583355584343	-3.70724030304834	0.535236184485748	-6.9263633709859	4.3179650797992e-12	2.91405827556449e-10
ASV691	6.12194153062088	-1.95987147913653	0.476168041780169	-4.11592401667591	3.85631342158976e-05	0.000528851110677377
ASV692	37.0278442849574	2.45552057882416	0.655670351293609	3.74505355317581	0.00018035530006601	0.00186877239199711
ASV694	2.33634940481784	-1.33294290509448	0.402124311772063	-3.314753338888	0.000917240227479628	0.00687884770245828
ASV695	1.89035451878917	-1.32135150439949	0.388932081362854	-3.39738367626902	0.000680335055742293	0.00542713515011098
ASV696	10.3484879998478	2.35934616509036	0.543355109792276	4.34218087319052	1.4107531493411e-05	0.000225412863020888
ASV7030	1.79101744953911	-1.25302532897386	0.366003761264875	-3.42353129007068	0.000618131350566926	0.00505645246739675
ASV707	3.71693571415711	-2.61921980925213	0.496701544817477	-5.27322662186325	1.34045869860588e-07	3.52575008469208e-06
ASV709	1.79106013166412	-1.25305672224901	0.394879462388756	-3.17326384783057	0.00150735471374166	0.00995009308466017
ASV7096	1.69174519937531	-1.13802959459856	0.356746508051194	-3.190023080577	0.00142261431626733	0.00956302598707093
ASV7103	1.69273448472798	-1.13880018509922	0.354107992100436	-3.21596860422236	0.00130005053909199	0.00898646794474775
ASV711	4.38700922589553	-2.31404621553896	0.495022436265543	-4.67462895822696	2.94485545153462e-06	5.76494794309964e-05
ASV712	4.36013017961863	-1.9902145909731	0.508327005149966	-3.91522498472405	9.03199448064258e-05	0.00104328879856265
ASV713	8.64321268640383	-1.81988437215237	0.536473131692313	-3.39231224201576	0.00069305412699187	0.00548560897737855
ASV716	5.04458775574509	-2.96748029685032	0.507399818426718	-5.84840630422674	4.96305068707954e-09	1.87172698338463e-07
ASV719	2.44006009126854	-1.86558235042169	0.440388812389685	-4.2362164930995	2.27317616115959e-05	0.000342915309723163
ASV7191	2.13423318761842	-1.51398729305905	0.383662625212841	-3.94614224468476	7.94204425523132e-05	0.000940756235221281
ASV72	88.7990993276813	-3.9872794584631	0.714537246481916	-5.58022619267898	2.4020600459057e-08	7.65227700338531e-07
ASV7227	2.85189630930556	1.2656898621231	0.300514417545277	4.211744223328	2.53406383178434e-05	0.000373483143483388
ASV723	3.61458980155876	-1.76655776874618	0.446265558625058	-3.95853485576826	7.54109371572867e-05	0.000907940602534562
ASV7235	3.52253029332948	0.99044322159707	0.291502460055307	3.39771822649165	0.000679503685900141	0.00542713515011098
ASV725	6.99252833196624	-3.60928168243624	0.523465367273874	-6.89497702824699	5.38735081276832e-12	3.58853536606347e-10
ASV729	3.48944061246277	-2.03410970300553	0.48352347402918	-4.20684788280367	2.58957322622158e-05	0.000379483459351156
ASV7294	2.36143542113719	1.12578773791133	0.29328941579601	3.8384874369089	0.000123794547173906	0.00135382139116198
ASV7296	2.26570954717291	-1.72594698287042	0.39254321183461	-4.39683308954432	1.09841745118447e-05	0.000182915035945622
ASV730	2.17452353187835	-1.6469320366958	0.423290501425989	-3.89078429860247	9.99207286385033e-05	0.0011414107287013
ASV7306	2.56524166938832	1.12672812749338	0.287942558737342	3.91303089211335	9.11448693257979e-05	0.00104816599724668
ASV731	6.36778216735781	-3.42281301172626	0.516157991321094	-6.63132813843616	3.32679734567479e-11	1.91720714449056e-09
ASV734	2.04132057737253	1.4664637527557	0.410488986055072	3.57248014581067	0.00035361630015776	0.00325619031150655
ASV7356	171.280020076139	2.49254105996802	0.539574375937128	4.61945780067668	3.8474411748361e-06	7.25497271534351e-05
ASV737	3.15902892353609	-2.33962087351791	0.470539936434351	-4.97220467883566	6.61957626937388e-07	1.50229233122206e-05
ASV738	11.9035723960543	2.21648595665459	0.582466766392692	3.8053432136251	0.000141607692851221	0.00151946831931781
ASV739	9.92875799985337	-3.90640350778756	0.499982806696127	-7.81307568074384	5.58090624132812e-15	7.15611702794298e-13
ASV74	376.441654718624	-4.55479112042516	0.694763212332733	-6.55588989107817	5.53110330980949e-11	3.11747570066075e-09
ASV741	11.0893706683208	-3.01964047054821	0.567613059904371	-5.31989251807728	1.03828573369815e-07	2.78815053829206e-06
ASV743	5.16637062874511	-3.16567511802053	0.500964892902625	-6.31915561922592	2.62996334056385e-10	1.26066186670579e-08
ASV747	2.32691594998251	1.71624304573228	0.443436605859463	3.87032334059539	0.000108691096538373	0.00121719789114697
ASV749	8.46998774492656	2.13458591646047	0.435484486766042	4.90163480291148	9.50423971103821e-07	2.05684580075591e-05
ASV750	14.5896435488597	-4.37272006645172	0.550164247052962	-7.94802659364881	1.89505978698783e-15	3.23992054915352e-13
ASV754	6.14772704838297	-1.88910842995732	0.490804584483526	-3.84900322792468	0.000118599444776391	0.0013025622104028
ASV756	4.94273491307222	2.69553083998498	0.496061016407901	5.43386952577724	5.51449095897235e-08	1.55405627080051e-06
ASV757	3.65173654404743	-2.58861741130948	0.477078805744478	-5.42597445147445	5.76392038805166e-08	1.60924194546722e-06
ASV7577	1.87007943784235	1.02522180737884	0.302192936870048	3.39260678292993	0.000692309419797504	0.00548560897737855
ASV759	28.5547082816276	-4.0907459233213	0.619654677463915	-6.60165423113347	4.06594959133297e-11	2.31713949488298e-09
ASV76	78.6390026755638	2.19034852145418	0.6651508505261	3.29301017915218	0.000991208859503881	0.00730446873620029
ASV7687	1.77748666293836	-1.24477052253973	0.35906092910444	-3.46673898952026	0.000526813177659544	0.0045546347021535
ASV7690	2.12599707607749	-1.60797230995448	0.395312095993921	-4.06760209528019	4.74993995906952e-05	0.000626283857328215
ASV77	1196.21250160796	-2.83769127674777	0.612511118306313	-4.63288125217126	3.60611404073147e-06	6.86154783535207e-05
ASV771	4.35456754904688	-2.56980393436109	0.46307251857667	-5.54946327253411	2.86547938519362e-08	8.90729925252004e-07
ASV773	7.13266424822835	-2.69644434398145	0.517314838807194	-5.21238545988515	1.864276755682e-07	4.80496255271003e-06
ASV777	3.60672083774402	-2.56674075292671	0.48890953283902	-5.24992985516575	1.52157139178163e-07	3.98170391247346e-06
ASV7789	57.2530614654691	3.74673338857159	0.669885132846214	5.59309828634715	2.2305293651767e-08	7.15024069624456e-07
ASV7796	2.65041462195444	1.04236063629306	0.30327736046075	3.43698795950171	0.000588221751597641	0.00486611187732951
ASV780	1.92498176804739	-1.40261862159664	0.377657778230243	-3.7139937330816	0.000204013847853983	0.00207616473341881
ASV785	2.9757033509781	2.00268094994015	0.452843643221417	4.42245569727683	9.75853634969768e-06	0.000165816350701218
ASV786	2.71393792998695	-1.4803470984697	0.427377377832997	-3.46379376928125	0.000532614674517581	0.00456819509297772
ASV787	3.68791473993199	-2.03119253894497	0.465067645029829	-4.36752064060421	1.2566492381014e-05	0.000203966896905763
ASV790	3.9164604267506	-2.54118871128424	0.487001779805319	-5.21802756511503	1.80838556221917e-07	4.68444926698086e-06
ASV7906	6.67072405509545	-2.96375886169086	0.492707766546972	-6.01524689261889	1.79612738562376e-09	7.3698698886914e-08
ASV792	4.16967543886505	-2.56983617363992	0.47598205836532	-5.39901899341666	6.70062806956526e-08	1.83783536731552e-06
ASV797	3.96448616647975	-2.72856744747155	0.499024383752322	-5.46780385149638	4.55645693396907e-08	1.29833708968485e-06
ASV7974	2.30079823028088	1.25236668161974	0.317486667893658	3.944627627763	7.99240776534689e-05	0.000942369182263545
ASV7981	3.69559347694955	1.09015574853952	0.289547662022758	3.76503039576896	0.000166528823256703	0.00175025888213859
ASV799	4.70428839082059	1.82070403108272	0.485994997527294	3.74634315239113	0.000179431104669355	0.00186295978916826
ASV7996	2.36132272432934	1.21285853307202	0.313807378637274	3.86497773997196	0.000111099331515348	0.00123607043675102
ASV80	72.6635564825938	-3.49652597315612	0.687911589642638	-5.08281300359036	3.71885777061251e-07	9.08286738355788e-06
ASV8011	1.7204941739854	-1.17495008037415	0.351956243695384	-3.33834134617901	0.000842801445153806	0.00637570591769007
ASV806	3.36421592646637	-2.4476875261904	0.477154651994577	-5.12975723061423	2.90116084417176e-07	7.25164504175652e-06
ASV8105	1.96615509514673	-1.44697581066884	0.382414416256223	-3.78378991261497	0.000154458216173336	0.00163881897923975
ASV811	4.5010517950091	-2.98370178417559	0.487478125353477	-6.12068855810108	9.31718549499259e-10	4.04981732235737e-08
ASV812	2.29816296253636	1.79962097600209	0.457821667104906	3.93083400220489	8.46517052095217e-05	0.000991275333378167
ASV8128	3.34179227901554	1.05485726639675	0.327285718675488	3.22304703873336	0.00126834723389007	0.00881484141276718
ASV815	16.0305243113506	-3.77180320607799	0.564766795320201	-6.67851445469545	2.41376422504481e-11	1.43955775700637e-09
ASV816	3.73264177505392	-2.30447585695745	0.449301343465573	-5.1290206238478	2.91253437044618e-07	7.25164504175652e-06
ASV817	4.72078795790802	-2.93603015525237	0.500343645077161	-5.86802727313462	4.4101072321041e-09	1.7007097739445e-07
ASV82	41.7762673940698	-5.54131684334451	0.626050028153054	-8.851236473373	8.65549432646631e-19	2.95960202669638e-16
ASV822	3.53441847022774	-1.85677952218044	0.477877002214813	-3.88547578890558	0.000102129671417121	0.00116147025432021
ASV825	3.81433264197827	-2.66224325660784	0.494911157747812	-5.37923466652658	7.4803152207805e-08	2.02997549033773e-06
ASV827	3.36286501064448	-2.44707400963997	0.471345085692022	-5.19168245076155	2.08402226288866e-07	5.29155949819601e-06
ASV829	3.9202226391366	-2.14508371489756	0.466658294769384	-4.59669042410921	4.29254667118629e-06	7.94818479296552e-05
ASV836	2.34156585708286	-1.7887839936924	0.411315434153976	-4.34893477161075	1.36800390193673e-05	0.000219758623617919
ASV8399	27.7020388184855	4.14354001736521	0.609767861836434	6.79527452444958	1.08106471348253e-11	7.01871001955939e-10
ASV840	4.73951444997653	-3.02457048937805	0.464610904938732	-6.50989991243726	7.5200893781092e-11	4.10005923278335e-09
ASV8409	2.70226834157053	1.23612759321938	0.328267976206128	3.765605184842	0.000166146158911846	0.00174982268800587
ASV841	2.51799746201859	-1.83117546374196	0.429514849301241	-4.26335775519989	2.01377712681214e-05	0.000311104303717454
ASV8419	4.56096961101541	0.99707260390682	0.313604900495857	3.17939101822165	0.00147584854983588	0.00979209922216317
ASV846	2.13768956248131	-1.51289212515524	0.417767176341292	-3.62137623736933	0.000293039984811642	0.00281461064063467
ASV848	15.9074943374355	-4.75806226312886	0.561203694026291	-8.47831600856489	2.28476702895461e-17	6.10358114813772e-15
ASV849	2.71781423461297	-1.88581406790117	0.443869963432512	-4.24857328330552	2.15136271020048e-05	0.00032742846708066
ASV850	1.9084857673388	-1.38568403430823	0.363445311489184	-3.81263422722531	0.000137493515553293	0.0014784156001527
ASV852	27.6162553437594	-2.55285134462204	0.630101270479955	-4.05149372683775	5.08916908369017e-05	0.000664181888810353
ASV854	15.1071795878066	1.99568342102855	0.570705694692604	3.49686964680363	0.000470751799111409	0.0041343937973329
ASV8577	2.88059618937778	1.13734568816829	0.34830030092867	3.26541689782007	0.00109303072905026	0.0078189046154795
ASV866	8.65018529741721	-3.97940285693836	0.51900246557259	-7.66740645932787	1.75508928518273e-14	2.00041176526716e-12
ASV869	1.8491922336993	-1.32046159175981	0.397229565152387	-3.32417752251962	0.000886797268311061	0.0066789767829184
ASV87	43.1719520961605	4.98475423645004	0.611313284530394	8.15417292997204	3.51577507672456e-16	7.51350432021679e-14
ASV873	1.8690112566124	1.41286719472211	0.427337084248598	3.30621246505298	0.000945663520897307	0.00706012838236141
ASV8731	1.80860718568365	-1.27940594358165	0.377572576953003	-3.38850335452434	0.000702751692742945	0.00554525143396702
ASV88	17.0473450760884	3.82773801779837	0.59235672826539	6.4618798692592	1.03410181361535e-10	5.41215122656441e-09
ASV888	9.43722366716083	-4.03602341873591	0.541444600414145	-7.45417613482303	9.04311216245995e-14	8.75134382665228e-12
ASV8882	1.99796487549656	-1.27602190185266	0.370032942404679	-3.44840081956045	0.000563916528067427	0.00471063171410071
ASV89	306.315067320258	-2.68928153518625	0.710060005916299	-3.78740037852979	0.000152231689801946	0.00162665903540455
ASV890	14.0555798237837	-4.25132268358847	0.534773994837238	-7.94975583074564	1.86879478407759e-15	3.23992054915352e-13
ASV891	5.55067379091342	-3.12473960958618	0.488387600799392	-6.39807317890875	1.57349877336904e-10	8.07047520860983e-09
ASV894	3.36630955319167	-1.76005107716219	0.426505726288324	-4.12667631095853	3.68043855676726e-05	0.000510291129211175
ASV899	4.0075870966031	-2.74734022536518	0.487640145211261	-5.63395005998725	1.76128043665706e-08	5.79077394847055e-07
ASV9	478.144619505373	2.17315232310528	0.553629084178384	3.92528569255056	8.66268637460876e-05	0.00100522439853775
ASV902	2.42085899532114	1.89080850760121	0.469471822015351	4.02752288621783	5.63675821376195e-05	0.000724584783919425
ASV903	3.186830171411	-2.30881063074009	0.447976278101212	-5.153868058653	2.55167509954103e-07	6.41546156154213e-06
ASV904	4.0513630573938	-2.76453494795399	0.475711904026271	-5.81136382032039	6.19659292679423e-09	2.23819190996673e-07
ASV9081	6.37606898887794	-2.7155030309637	0.475936441439153	-5.70560014852501	1.15933866920718e-08	4.0450666900433e-07
ASV91	48.1760553248321	-4.75156503804644	0.641253831308634	-7.40980374082088	1.26486460641714e-13	1.15988391271481e-11
ASV910	2.14018283026327	-1.61333668937776	0.422001820085091	-3.82305623481068	0.00013180770356476	0.00142337600883128
ASV9195	4.36112251312958	1.79732167789582	0.501377469899502	3.58476753703368	0.000337378570407586	0.00311786430201893
ASV926	3.50503584011093	-2.26904141548158	0.443197191019024	-5.11971073251722	3.06004660737499e-07	7.54566300443572e-06
ASV930	4.0990520921768	-1.72196913572513	0.474850935956556	-3.62633619381278	0.00028747103559283	0.0027767211705379
ASV9385	2.01478137130088	0.978097466736407	0.299101174240525	3.27012245679069	0.0010750093623462	0.00775488469686874
ASV94	159.357199058121	-4.35683876281208	0.746107756458998	-5.83942295880891	5.23819320133432e-09	1.94686180649592e-07
ASV941	2.69650354351205	1.59796373133507	0.412741375668083	3.87158599921932	0.000108129493859349	0.00121355836762495
ASV9414	2.21367553542006	1.26869440365187	0.345322656692174	3.673939080061	0.000238839699861045	0.00236032528051503
ASV942	15.5490402662253	-4.19697207453411	0.540644022749389	-7.76291218978219	8.30010817670729e-15	9.74873742018583e-13
ASV943	2.53322763026943	-1.9394803304386	0.434196299591078	-4.466828326877	7.93877849935731e-06	0.000139445188093163
ASV953	2.30695890779379	1.44313802256367	0.425555570444765	3.39118583515519	0.00069590896901561	0.00549971818502475
ASV958	4.10919633522484	-2.70436907719032	0.461680518241936	-5.85766340647959	4.69424848780407e-09	1.79677615626471e-07
ASV959	4.72187637789661	-2.34489668777463	0.468980583619953	-4.99998671517468	5.73342646688438e-07	1.35514950915438e-05
ASV960	2.5047562816965	-1.82261713208149	0.41385927830159	-4.40395377762512	1.06295600497375e-05	0.000178166710768313
ASV966	2.774183750722	2.13360298985581	0.464946588576431	4.58892062503019	4.45543791481768e-06	8.22012268528772e-05
ASV970	2.25179597669525	-1.7140186115848	0.417907491959374	-4.10143068636689	4.10603506736305e-05	0.000557138991018653
ASV973	4.52189509879627	-2.94757159338514	0.497491618184922	-5.92486684326308	3.1255054406243e-09	1.24269127170249e-07
ASV974	3.25081488762816	-2.38670116893579	0.477859155202914	-4.99457035184837	5.89668937723289e-07	1.38212564282875e-05
ASV9809	2.7370337816881	0.963760009934811	0.294898299470838	3.26810975737795	0.00108268370247523	0.00777529876867328
ASV9816	2.14443354005059	-1.3325053152661	0.37473333815134	-3.55587608468385	0.000376721619226149	0.00343808751781302
ASV9819	15.2395559787212	4.11737421416855	0.557848165743575	7.38081518773188	1.57323264137579e-13	1.39122589958904e-11
ASV983	17.0146019204572	-1.88978205534486	0.584139598927226	-3.23515484794294	0.00121576776642316	0.00855373508091136
ASV984	2.32093211630108	-1.77592066591067	0.423264835746962	-4.19576708463531	2.71949606495545e-05	0.000395135844678654
ASV987	72.0523656848302	-6.16685648003224	0.596054279373777	-10.3461323799424	4.35734207868469e-25	4.46976150431476e-22
ASV9926	4.27607375947489	1.04037690646573	0.307410556233466	3.38432394519205	0.000713537625573284	0.00558609788322884
