	baseMean	log2FoldChange	lfcSE	stat	pvalue	padj	Kingdom	Phylum	Class	Order	Family	Genus	Species
ASV1021	5.17193798224864	2.73974197425048	0.815773651799979	3.35845852364234	0.000783784825015552	0.00844034951020149	NA	NA	NA	NA	NA	NA	NA
ASV10249	25.1516437065826	5.09296520480381	0.950120158642921	5.36033801459198	8.30663808543727e-08	2.15564067036839e-06	Fungi	Ascomycota	Eurotiomycetes	Chaetothyriales	Trichomeriaceae	Knufia	NA
ASV10250	3602.70187167485	10.6037223915447	1.11556903400622	9.50521399241841	1.99637124009987e-21	4.51465096154013e-19	Fungi	NA	NA	NA	NA	NA	NA
ASV10291	1.74731342516508	-1.67391222265611	0.476550262295142	-3.51256174866903	0.000443808863165983	0.00506646223840205	Fungi	Ascomycota	Sordariomycetes	Sordariales	NA	NA	NA
ASV103	70.8378780640413	6.37173715019338	1.11287723724007	5.72546273477139	1.03152187655839e-08	3.20176300116065e-07	Fungi	Ascomycota	Dothideomycetes	Pleosporales	Pleosporaceae	Alternaria	Alternaria tellustris
ASV1034	17.5309863913924	4.34087405575823	0.883873735420045	4.91119249481411	9.05241651896652e-07	1.89382934134678e-05	Fungi	NA	NA	NA	NA	NA	NA
ASV10350	1.89753645188848	-1.87644740833092	0.497342115264022	-3.77295095416316	0.000161328011097415	0.00203762426782347	Fungi	Ascomycota	Dothideomycetes	Capnodiales	Neodevriesiaceae	Neodevriesia	Neodevriesia lagerstroemiae
ASV10380	2.06329708607309	-1.74151344110853	0.49319913597736	-3.53105533661859	0.000413905146135219	0.00475940808473645	Fungi	Basidiomycota	Agaricomycetes	Agaricales	Psathyrellaceae	Coprinellus	Coprinellus radians
ASV104	144.329769855551	5.05257287171761	0.93701587037492	5.39219561958536	6.96019351535072e-08	1.83633105580003e-06	Fungi	Ascomycota	Dothideomycetes	Pleosporales	Didymellaceae	Phoma	NA
ASV1040	9.72094269326506	3.45733915300226	0.866567586346392	3.98969359975606	6.61587013544188e-05	0.000918677405649518	Fungi	Ascomycota	Sordariomycetes	Magnaporthales	Magnaporthaceae	Arxiella	NA
ASV10550	26.5159724563613	4.94140795176511	0.975496426787384	5.06553157558836	4.07262261371056e-07	9.12305886439218e-06	Fungi	Ascomycota	Pezizomycetes	Pezizales	Pezizaceae	Peziza	NA
ASV10627	6.72599493828641	3.13754940822782	0.824391855176416	3.80589568968558	0.000141291925884199	0.00183332064487449	Fungi	Ascomycota	Eurotiomycetes	Chaetothyriales	Herpotrichiellaceae	Cladophialophora	NA
ASV1077	2.77421678594688	-2.67892147289241	0.526079416421446	-5.09223776728474	3.5386194862975e-07	8.00233520972707e-06	Fungi	Ascomycota	Eurotiomycetes	Chaetothyriales	Trichomeriaceae	Knufia	NA
ASV1080	3.95475842293862	-2.97387926981444	0.641257655580749	-4.63757312514449	3.52523907676688e-06	6.46384570485171e-05	NA	NA	NA	NA	NA	NA	NA
ASV1085	1.68694372692422	-1.59130038241071	0.458651010371755	-3.46952333348378	0.000521382777112023	0.00585353855438534	Fungi	Mortierellomycota	Mortierellomycetes	Mortierellales	Mortierellaceae	Mortierella	NA
ASV1087	27.2097436019363	-6.25992007174694	0.673767572180337	-9.29091919857408	1.52961545671646e-20	2.90565752157859e-18	Fungi	Ascomycota	Eurotiomycetes	Chaetothyriales	Trichomeriaceae	Knufia	NA
ASV10944	73.7805013523098	6.65780551644705	1.02526059370326	6.49376905475217	8.37150495388354e-11	3.78631209771361e-09	Fungi	Ascomycota	Eurotiomycetes	Eurotiales	Aspergillaceae	Penicillium	Penicillium citrinum
ASV11028	488.210971022157	9.38933080844351	1.120097935758	8.38259808245204	5.17720204182055e-17	6.85167387893512e-15	NA	NA	NA	NA	NA	NA	NA
ASV111	23.2438391666118	-4.17883733518865	0.720415485091574	-5.80059343762921	6.60806398238383e-09	2.14943122276307e-07	Fungi	Ascomycota	Dothideomycetes	Mycosphaerellales	Teratosphaeriaceae	Devriesia	NA
ASV1123	2.66149141988948	-2.59160182070865	0.600438291046819	-4.316183460236	1.58750054826189e-05	0.000260866439574247	Fungi	Ascomycota	Sordariomycetes	Sordariales	Chaetomiaceae	Chaetomium	Chaetomium globosum
ASV11268	17.3143542518265	4.12772447694358	0.941158980420071	4.38578875919692	1.15566234358087e-05	0.000197418721930416	Fungi	Ascomycota	Eurotiomycetes	Chaetothyriales	NA	NA	NA
ASV11326	1.57827162878929	-1.4224069745504	0.420846018550553	-3.37987508934823	0.000725187797200199	0.00788081658788042	NA	NA	NA	NA	NA	NA	NA
ASV1136	1.95276263058167	-1.94248635350417	0.466838022848074	-4.16094289332626	3.16936337446305e-05	0.000495108771885692	Fungi	Ascomycota	Leotiomycetes	Helotiales	NA	NA	NA
ASV115	95.3166337352327	6.44990474763262	1.00952234702328	6.38906584549718	1.66902185351791e-10	7.01432281624474e-09	Fungi	Ascomycota	Eurotiomycetes	Chaetothyriales	Herpotrichiellaceae	Exophiala	Exophiala heteromorpha
ASV1161	4.04929348417783	-3.01196151598211	0.608165759449165	-4.95253385969993	7.3253304931074e-07	1.57411739872249e-05	NA	NA	NA	NA	NA	NA	NA
ASV117	66.9484769398819	6.51698418828945	1.06289257357896	6.13136675359911	8.71272908764746e-10	3.06494447683243e-08	Fungi	NA	NA	NA	NA	NA	NA
ASV1171	17.9031592979205	-5.74192826986705	0.661917843991202	-8.67468421042199	4.14699642849698e-18	6.79106415135592e-16	NA	NA	NA	NA	NA	NA	NA
ASV1174	16.3723849656307	-5.607416629732	0.668965715380263	-8.38221825246239	5.1939410326735e-17	6.85167387893512e-15	Fungi	Ascomycota	Dothideomycetes	Capnodiales	Cladosporiaceae	Cladosporium	NA
ASV11812	97.1702548946249	3.81657087282633	0.749213568237637	5.09410271600391	3.50396767793282e-07	7.96188636483394e-06	Fungi	Basidiomycota	Tremellomycetes	Tremellales	Cryptococcaceae	Cryptococcus	NA
ASV1183	24.8239625777905	5.07376620676968	0.971787764274367	5.22106409783649	1.77897948533546e-07	4.37739563515964e-06	Fungi	NA	NA	NA	NA	NA	NA
ASV120	105.76851462017	7.17931173893984	1.06192278475609	6.76067209593662	1.37353069109394e-11	7.76535387143468e-10	Fungi	Ascomycota	Eurotiomycetes	Chaetothyriales	Trichomeriaceae	Knufia	NA
ASV1205	7.99148679305242	3.16535901452178	0.834397930669831	3.79358444954522	0.000148488097527388	0.00191622275858034	Fungi	Ascomycota	Sordariomycetes	Coniochaetales	Coniochaetaceae	Coniochaeta	NA
ASV1218	5.10901214049463	-3.32897758514027	0.662365382090229	-5.0258930722421	5.01095050913452e-07	1.1017131466611e-05	Fungi	NA	NA	NA	NA	NA	NA
ASV122	134.658414742565	5.82381668073764	0.877392676144983	6.63763995196068	3.18745276800155e-11	1.57679304117077e-09	Fungi	Basidiomycota	Microbotryomycetes	Sporidiobolales	Sporidiobolaceae	Rhodotorula	NA
ASV1230	9.54801367021084	-4.78007015521708	0.655843112668183	-7.28843539390114	3.13575197776043e-13	2.37071620300851e-11	NA	NA	NA	NA	NA	NA	NA
ASV1241	4.17246150959616	-3.42558307227584	0.646214854834924	-5.30099710126736	1.15171917783958e-07	2.92487399762575e-06	Fungi	Rozellomycota	NA	NA	NA	NA	NA
ASV125	216.602044722915	5.92813371862777	0.878521171677064	6.74785527059204	1.50046502451887e-11	8.38318635463543e-10	Fungi	Basidiomycota	Microbotryomycetes	Sporidiobolales	Sporidiobolaceae	Rhodotorula	Rhodotorula mucilaginosa
ASV127	19.0718213879352	-3.80708316281022	0.708987378521363	-5.3697474428249	7.88469841870876e-08	2.06875319284243e-06	NA	NA	NA	NA	NA	NA	NA
ASV1273	2.41263942442227	-2.39263140623092	0.534977589171868	-4.47239558190588	7.73481718899868e-06	0.000136171475836645	NA	NA	NA	NA	NA	NA	NA
ASV1274	3.07327231857899	-2.8740857793583	0.54623307553607	-5.26164728589108	1.4277045324819e-07	3.5685099077666e-06	NA	NA	NA	NA	NA	NA	NA
ASV129	547.848799864294	9.13400887818973	1.16505569377953	7.83997617191867	4.50631933963236e-15	4.46876666880185e-13	NA	NA	NA	NA	NA	NA	NA
ASV1308	3.32033617238692	-3.01412383084796	0.604845757017635	-4.98329333698223	6.25110736639572e-07	1.36176646252354e-05	NA	NA	NA	NA	NA	NA	NA
ASV131	7.35632478643736	3.04457277163899	0.787528144471168	3.86598598794643	0.000110641290413839	0.00146965139770865	Fungi	NA	NA	NA	NA	NA	NA
ASV1327	2.60694098475675	-2.55031395607979	0.597389687369615	-4.26909605237605	1.96266743098759e-05	0.000318112888387715	NA	NA	NA	NA	NA	NA	NA
ASV1338	2.31325502442321	-2.31477759333888	0.509458918537702	-4.54360010024552	5.53015256787134e-06	0.000100239292155805	NA	NA	NA	NA	NA	NA	NA
ASV135	188.618090708791	5.94871315390764	1.04058951181123	5.71667606331473	1.08627913284739e-08	3.34983091031966e-07	Fungi	NA	NA	NA	NA	NA	NA
ASV1365	5.0565781061201	-2.35724473740522	0.61855174554848	-3.81090952271909	0.000138456439279065	0.00180145104146925	Fungi	NA	NA	NA	NA	NA	NA
ASV137	81.7806063809918	3.94276126265521	1.04133922936449	3.7862409784191	0.000152943361888269	0.00194726012227182	Fungi	Chytridiomycota	Rhizophlyctidomycetes	Rhizophlyctidales	Rhizophlyctidaceae	NA	NA
ASV138	286.713124829932	-9.50450347357425	0.789888957641902	-12.0327083720078	2.39183615136584e-33	1.62268998326234e-30	Fungi	Ascomycota	Dothideomycetes	Capnodiales	Cladosporiaceae	Cladosporium	NA
ASV1391	3.2657693537773	-2.98341292301384	0.601395331590842	-4.96081822770715	7.01968577982647e-07	1.52221405335141e-05	NA	NA	NA	NA	NA	NA	NA
ASV14	478.40170039277	-10.2431050477729	0.935912221755098	-10.9445146774173	7.05947787781681e-28	2.57888157244246e-25	NA	NA	NA	NA	NA	NA	NA
ASV1403	2.08382217332711	-2.08791017443259	0.52063656118157	-4.01030263739861	6.0640971101233e-05	0.000849510241179219	NA	NA	NA	NA	NA	NA	NA
ASV1407	2.27853343667277	-2.27311609224238	0.564580560042915	-4.02620326153205	5.66846939933051e-05	0.000805974885551515	NA	NA	NA	NA	NA	NA	NA
ASV141	115.236700938587	6.89344629325088	1.07750969405611	6.3975724128306	1.5786662037192e-10	6.69382660844865e-09	Fungi	Basidiomycota	Agaricomycetes	Cantharellales	Ceratobasidiaceae	Rhizoctonia	Rhizoctonia solani
ASV1415	11.1060013467413	-4.79903281091394	0.635120429601498	-7.55609894949382	4.15337926618156e-14	3.65266632131412e-12	NA	NA	NA	NA	NA	NA	NA
ASV1419	2.1598815006209	-2.16770973259832	0.501431754248234	-4.32304040227415	1.53893537549458e-05	0.000255538604832998	NA	NA	NA	NA	NA	NA	NA
ASV143	2.22521373559711	-1.9198737719778	0.494276846637492	-3.88420737292973	0.000102664257063712	0.00137338748393117	Fungi	Ascomycota	Dothideomycetes	Pleosporales	Pleosporaceae	NA	NA
ASV1431	4.91525276794854	-3.7083981838825	0.604277768427415	-6.13690984120317	8.41421061435302e-10	2.99326053961619e-08	NA	NA	NA	NA	NA	NA	NA
ASV1441	12.9089532673846	-2.76088093205747	0.741687726403066	-3.72243038919735	0.000197314316806802	0.00245299918983116	Fungi	Basidiomycota	Agaricomycetes	Agaricales	Inocybaceae	Inocybe	NA
ASV145	38.6725236707574	-6.88486122060488	0.813983196398919	-8.45823507298881	2.71454493463584e-17	4.028554342058e-15	Fungi	Basidiomycota	Agaricomycetes	Atheliales	NA	NA	NA
ASV1464	3.15925297126644	-2.92129891330783	0.592159053667106	-4.9333011041829	8.08513687640909e-07	1.70650289004741e-05	NA	NA	NA	NA	NA	NA	NA
ASV147	53.6406613194631	-4.48249502462869	0.866220207690754	-5.17477540333366	2.28185300625605e-07	5.36461382510395e-06	Fungi	Ascomycota	Dothideomycetes	Pleosporales	Pleosporaceae	Alternaria	Alternaria tenuissima
ASV1471	1.98051476781499	-1.97275398523521	0.549717183010282	-3.58867076781609	0.00033236825466942	0.0038973255343829	Fungi	Ascomycota	Sordariomycetes	Sordariales	Sordariaceae	Neurospora	NA
ASV1474	3.64485088591691	-3.05234571997297	0.587493323302355	-5.19554112175343	2.04125206536996e-07	4.98326941006242e-06	NA	NA	NA	NA	NA	NA	NA
ASV148	67.7524812198205	5.02622039354349	0.98656353383065	5.09467481939817	3.49340348100548e-07	7.96188636483394e-06	Fungi	Chytridiomycota	Rhizophlyctidomycetes	Rhizophlyctidales	Rhizophlyctidaceae	NA	NA
ASV149	114.475890198951	7.29373145518858	1.07038717695628	6.81410578546804	9.48518916949318e-12	5.49331260560038e-10	Fungi	Chytridiomycota	Rhizophlyctidomycetes	Rhizophlyctidales	Rhizophlyctidaceae	NA	NA
ASV15	1115.24757047513	9.46980753929521	1.18564180739625	7.9870728918471	1.3818039594988e-15	1.52609000085111e-13	NA	NA	NA	NA	NA	NA	NA
ASV150	26.9674297086383	3.86206612961695	0.888786586783639	4.3453244986438	1.39069923209689e-05	0.000234199668554189	Fungi	Ascomycota	Dothideomycetes	Pleosporales	Didymellaceae	Phoma	NA
ASV151	186.438878285544	-8.49619318412954	0.588449543503619	-14.4382696493286	2.97210275419247e-47	4.70483865988669e-44	Fungi	Chytridiomycota	Rhizophlyctidomycetes	Rhizophlyctidales	Rhizophlyctidaceae	NA	NA
ASV1519	8.14698993115949	2.99776391874413	0.806644134776029	3.71634006807287	0.000202129486713296	0.0024997732614621	Fungi	NA	NA	NA	NA	NA	NA
ASV1521	4.84237780221328	-2.69226348407949	0.618948603221171	-4.34973674723272	1.36301060325288e-05	0.000231176334101711	Fungi	Ascomycota	Sordariomycetes	Hypocreales	Nectriaceae	Neocosmospora	Neocosmospora falciformis
ASV1530	1.80473263383535	-1.75065708163303	0.4834431298327	-3.62122651787162	0.000293209648068751	0.00348113154669625	Fungi	Ascomycota	Dothideomycetes	Pleosporales	Didymellaceae	Epicoccum	NA
ASV1538	10.1881606568294	-4.88206577405444	0.617576370001113	-7.90520170654464	2.6750009430407e-15	2.82301766188895e-13	NA	NA	NA	NA	NA	NA	NA
ASV1539	7.62459881098041	-4.4268969273685	0.619872900607393	-7.14162035964265	9.22370585723749e-13	6.18622711361495e-11	Fungi	Ascomycota	Eurotiomycetes	Phaeomoniellales	Phaeomoniellaceae	Phaeomoniella	Phaeomoniella chlamydospora
ASV1553	2.44399180252999	-2.41908481346234	0.570673356717044	-4.23900079614509	2.24516862377044e-05	0.000357795496452544	NA	NA	NA	NA	NA	NA	NA
ASV1566	2.60794762118305	-2.55066252298948	0.572356787171761	-4.45642050580601	8.33394842676834e-06	0.000146043989220379	NA	NA	NA	NA	NA	NA	NA
ASV1572	11.3989910002131	3.5062880663362	0.867718502453537	4.04081284013412	5.32662567537236e-05	0.000773469589690299	NA	NA	NA	NA	NA	NA	NA
ASV1573	8.82712514032969	-4.33793152396189	0.594853651729554	-7.29243488940386	3.04402692313967e-13	2.3698498127853e-11	NA	NA	NA	NA	NA	NA	NA
ASV1576	9.08687916750367	3.5907162554926	0.822153497888732	4.36745238536777	1.25704188826671e-05	0.000213967452594216	Fungi	Ascomycota	Dothideomycetes	Pleosporales	Pleosporaceae	Alternaria	Alternaria tellustris
ASV1577	4.76669969496445	2.61272217006496	0.788299267882568	3.31437853175093	0.000918470759519416	0.00980183738642182	Fungi	Blastocladiomycota	NA	NA	NA	NA	NA
ASV158	36.0172070365943	5.61673568185458	1.00415794657884	5.59347829790198	2.22565056660684e-08	6.52445342025672e-07	NA	NA	NA	NA	NA	NA	NA
ASV1580	3.02819305668319	-2.84556597784044	0.51841984202414	-5.48892181041933	4.04394572129247e-08	1.11655222269872e-06	Fungi	Ascomycota	Dothideomycetes	Pleosporales	NA	NA	NA
ASV1582	2.65105588694812	-2.58860031242651	0.499504176693403	-5.1823396744396	2.19119694960541e-07	5.17711159884384e-06	Fungi	Ascomycota	Eurotiomycetes	Chaetothyriales	Trichomeriaceae	Knufia	NA
ASV16	1841.24058448649	-11.8722825179207	0.819806722829945	-14.4818067323698	1.57891688044461e-47	3.74913813261573e-44	Fungi	Ascomycota	Dothideomycetes	Pleosporales	Didymellaceae	NA	NA
ASV160	154.487083685158	7.31241537375577	1.09286985393813	6.69102121117683	2.21618534427924e-11	1.18254653932383e-09	NA	NA	NA	NA	NA	NA	NA
ASV161	8.46845802035367	3.48502852664637	0.825798565226717	4.22019203398541	2.4409430225279e-05	0.000385992036271677	NA	NA	NA	NA	NA	NA	NA
ASV1614	2.76027268217979	-2.66395119550849	0.537657353230921	-4.95473777025484	7.2427900431401e-07	1.56345499613056e-05	Fungi	Ascomycota	Dothideomycetes	Mycosphaerellales	Mycosphaerellaceae	Pseudocercospora	Pseudocercospora musae
ASV1616	5.49247974381136	-3.89358303450909	0.578383552954279	-6.73183567309509	1.67535795779842e-11	9.04122152452806e-10	NA	NA	NA	NA	NA	NA	NA
ASV162	9.0603669477983	-3.86857846452801	0.702272985014407	-5.50865339701007	3.61589067513604e-08	1.01010969507183e-06	Fungi	Ascomycota	Dothideomycetes	Mycosphaerellales	Mycosphaerellaceae	Cercosporella	Cercosporella tinosporae
ASV1644	7.08314884541543	-4.19563562239915	0.581262333604146	-7.21814468242576	5.27016295692282e-13	3.68058880623918e-11	NA	NA	NA	NA	NA	NA	NA
ASV166	3.95311986220113	-3.07646447520558	0.640589331747554	-4.80255340314965	1.56655020395489e-06	3.09981121607574e-05	Fungi	Basidiomycota	Agaricomycetes	Agaricales	Tricholomataceae	Clitocybe	NA
ASV1661	3.34720371332306	-3.0284360500707	0.547459803953173	-5.53179617608919	3.16968099563701e-08	8.99788741943464e-07	NA	NA	NA	NA	NA	NA	NA
ASV167	9.00485010499801	3.34682098031823	0.907357326975749	3.68853689810749	0.000225547320771775	0.00273944814922036	Fungi	Ascomycota	Eurotiomycetes	Chaetothyriales	Herpotrichiellaceae	Cladophialophora	NA
ASV1677	3.04044212460962	-2.71440641479549	0.601724418141126	-4.51104580927753	6.45087862739019e-06	0.000115170009779985	NA	NA	NA	NA	NA	NA	NA
ASV1688	7.894303022213	-4.48175085004998	0.619822591342978	-7.23069941729506	4.80512829863196e-13	3.45750822578836e-11	Fungi	Ascomycota	Eurotiomycetes	Eurotiales	Aspergillaceae	Penicillium	NA
ASV1696	10.7505738880378	-4.96524170924555	0.602539892039731	-8.24051946575207	1.71464565467284e-16	2.08791082411315e-14	NA	NA	NA	NA	NA	NA	NA
ASV1702	2.55358212985869	-2.50822254829443	0.565712730155677	-4.43373891834501	9.26127696598856e-06	0.000160517533983502	NA	NA	NA	NA	NA	NA	NA
ASV171	11.249738263895	3.68034397955431	0.930642436935304	3.95462729130862	7.66540525391217e-05	0.0010490780850383	NA	NA	NA	NA	NA	NA	NA
ASV1713	9.22019565761767	3.61170429979527	0.861802130957336	4.19087418104107	2.77881731556684e-05	0.000435531466390327	Fungi	Ascomycota	Dothideomycetes	NA	NA	NA	NA
ASV172	55.2298915979194	6.01059737021226	1.03813827212875	5.78978497525891	7.04765882776903e-09	2.27682529068538e-07	Fungi	Basidiomycota	Agaricomycetes	Cantharellales	Ceratobasidiaceae	Rhizoctonia	Rhizoctonia solani
ASV1720	4.88485654358502	-2.00542685969326	0.552692008776828	-3.62847088043032	0.000285104900463811	0.0034102646136315	Fungi	Ascomycota	Dothideomycetes	Pleosporales	Thyridariaceae	Parathyridaria	NA
ASV1726	7.17298323900914	3.23647767517507	0.805265843145217	4.01914188056703	5.84104906916166e-05	0.000828034090431305	Fungi	NA	NA	NA	NA	NA	NA
ASV173	14.6527659660263	3.97429022491824	0.962884936961742	4.12748197874878	3.66757163750167e-05	0.000567338687507994	Fungi	Ascomycota	Sordariomycetes	Sordariales	NA	NA	NA
ASV1739	2.14491858866546	-1.981105280952	0.534105404890027	-3.70920283302491	0.000207912822215887	0.00255797407436074	Fungi	Ascomycota	Sordariomycetes	Trichosphaeriales	Trichosphaeriaceae	Nigrospora	NA
ASV174	152.472578136715	7.70828558357173	1.10672247866063	6.96496703753629	3.28480651680084e-12	2.05257186161674e-10	NA	NA	NA	NA	NA	NA	NA
ASV1741	2.11723541696683	-1.95987218091564	0.479819059861332	-4.0846067713151	4.41515215060592e-05	0.000661437147104968	Fungi	Ascomycota	Dothideomycetes	Pleosporales	Didymellaceae	Phoma	NA
ASV1744	5.4621145645845	2.8221568886223	0.760481534782029	3.71101303522273	0.000206431472298639	0.00254634561544477	NA	NA	NA	NA	NA	NA	NA
ASV1757	2.82601356833625	-2.7093269083542	0.608992079737003	-4.44887051654963	8.63230342139362e-06	0.000150716209368376	NA	NA	NA	NA	NA	NA	NA
ASV176	15.0974843932086	3.74020431707493	0.804238625151506	4.65061512852647	3.3094643317705e-06	6.13931488733519e-05	Fungi	Basidiomycota	Microbotryomycetes	Kriegeriales	Kriegeriaceae	Phenoliferia	Phenoliferia glacialis
ASV177	257.927828705877	-9.18632937092945	0.77799195086527	-11.8077434615006	3.55987383669167e-32	2.11323010630609e-29	Fungi	Ascomycota	Dothideomycetes	Pleosporales	Melanommataceae	Herpotrichia	NA
ASV18	1111.80607403051	-8.79473866589772	0.999590988979289	-8.79833728281032	1.38858159941981e-18	2.44236074653506e-16	Fungi	Ascomycota	Pezizomycetes	Pezizales	Pyronemataceae	Sepultariella	NA
ASV1814	2.89208316836713	-2.76028355822875	0.567812346689922	-4.86126019330136	1.16640820443275e-06	2.37658447093493e-05	NA	NA	NA	NA	NA	NA	NA
ASV1822	247.749184864118	-7.16625610008085	0.90635008731445	-7.90671971060845	2.64259700561841e-15	2.82301766188895e-13	Fungi	Ascomycota	Pezizomycetes	Pezizales	Pyronemataceae	Sepultariella	NA
ASV1837	4.75513958111914	2.60635715895465	0.766901339474142	3.39855601340037	0.000677425895969553	0.00741266262663457	NA	NA	NA	NA	NA	NA	NA
ASV184	16.7177132782021	3.45351524146139	0.802958356228856	4.30098922898199	1.70037326088473e-05	0.00027749390432789	Fungi	Basidiomycota	Tremellomycetes	Filobasidiales	Filobasidiaceae	Naganishia	Naganishia vishniacii
ASV1842	2.0860091328855	-1.92865215593936	0.534380645060611	-3.60913549876157	0.00030721911818607	0.00362931241857126	Fungi	NA	NA	NA	NA	NA	NA
ASV1855	2.30821638992379	-2.29938385575515	0.53302600320962	-4.31383054843365	1.60449945578926e-05	0.000262750617777351	Fungi	Ascomycota	Dothideomycetes	Mycosphaerellales	Mycosphaerellaceae	Pseudocercospora	Pseudocercospora musae
ASV186	89.0078543728187	4.92595950499284	0.856710500908121	5.74985307145328	8.93210378818331e-09	2.82790405933884e-07	Fungi	Basidiomycota	Microbotryomycetes	Sporidiobolales	Sporidiobolaceae	Rhodotorula	NA
ASV187	20.0491540558153	4.53600638687389	0.940923462386361	4.82080272009555	1.42981703625172e-06	2.85302567443673e-05	Fungi	Ascomycota	Pezizomycetes	Pezizales	Pezizaceae	Iodophanus	NA
ASV1889	2.57877953897935	-2.24846569882176	0.546414245266067	-4.11494707230209	3.87268266744162e-05	0.000589466986784623	NA	NA	NA	NA	NA	NA	NA
ASV189	180.813740810141	7.95470446969688	1.10996170952984	7.1666476432474	7.68565062990511e-13	5.28973258571295e-11	NA	NA	NA	NA	NA	NA	NA
ASV19	1769.77610994352	-11.9652873748493	0.892975059469613	-13.399352252857	6.09931513540546e-41	5.79312951560811e-38	NA	NA	NA	NA	NA	NA	NA
ASV1919	6.35555762648363	-4.1339240651868	0.613696676297751	-6.73610306988385	1.62690901290014e-11	8.88067919800318e-10	Fungi	Ascomycota	Dothideomycetes	Pleosporales	Didymellaceae	Phoma	NA
ASV192	41.2501434752058	-6.2879260309915	0.748751570940824	-8.39788025164418	4.5461044447316e-17	6.34983823765599e-15	Fungi	Rozellomycota	NA	NA	NA	NA	NA
ASV1921	15.1675920333624	-3.50131242536563	0.73704463618473	-4.75047541691637	2.0293896552466e-06	3.94982437408448e-05	Fungi	Basidiomycota	Agaricomycetes	Thelephorales	Thelephoraceae	NA	NA
ASV197	105.87626433411	4.73311968059364	0.883450820111479	5.35753612181422	8.43645049286657e-08	2.17742953209909e-06	Fungi	Ascomycota	Saccharomycetes	Saccharomycetales	Pichiaceae	Pichia	NA
ASV2	378.800319176776	7.02270167242347	1.05662897009522	6.64632701845249	3.00497228231482e-11	1.51815035837373e-09	NA	NA	NA	NA	NA	NA	NA
ASV20	155.814568342943	6.11433542740915	1.00272432145904	6.09772326905596	1.0758978956267e-09	3.7295175958622e-08	Fungi	Ascomycota	Dothideomycetes	Pleosporales	Didymellaceae	NA	NA
ASV2007	6.20241315922649	-3.97528045724749	0.574340823448727	-6.92146595705534	4.46993564203502e-12	2.6870537169651e-10	NA	NA	NA	NA	NA	NA	NA
ASV201	263.438779099211	-8.74569122137483	0.781402519502013	-11.1922997470605	4.44746368841321e-29	1.92009136875221e-26	Fungi	Ascomycota	Eurotiomycetes	Chaetothyriales	Trichomeriaceae	Knufia	NA
ASV2011	1.86611966209232	-1.82699688353734	0.493111893656003	-3.70503511888898	0.000211361446228277	0.00258699873231466	NA	NA	NA	NA	NA	NA	NA
ASV2013	1.90147668224027	-1.87927436738836	0.516360146524102	-3.63946439328977	0.000273205710164581	0.00328469346220657	Fungi	Ascomycota	NA	NA	NA	NA	NA
ASV2040	20.3363827505934	4.781895264755	0.897477317996465	5.32815166340932	9.92172613233244e-08	2.53324072056165e-06	Fungi	NA	NA	NA	NA	NA	NA
ASV2044	2.12404547962051	-2.12601507068985	0.550846462261908	-3.85954202548551	0.000113599720543906	0.00150274393555156	NA	NA	NA	NA	NA	NA	NA
ASV2065	46.6644496152664	5.77250718865056	0.863404690701862	6.68574916353314	2.2974625777191e-11	1.21229442017644e-09	Fungi	Ascomycota	Dothideomycetes	Pleosporales	Pleosporaceae	Alternaria	Alternaria tellustris
ASV2067	1.74346419117969	-1.67099605574151	0.474847644286575	-3.51901515327525	0.000433151966448515	0.00496869248469565	NA	NA	NA	NA	NA	NA	NA
ASV2092	1.89109253317922	-1.86021276173646	0.539913523595294	-3.44539019758067	0.000570235587716607	0.00635692207996753	NA	NA	NA	NA	NA	NA	NA
ASV21	3.35317404354615	-1.99717552088636	0.500097515286327	-3.99357217310486	6.50852552529202e-05	0.000907874361560139	Fungi	Basidiomycota	Agaricomycetes	Thelephorales	Thelephoraceae	Thelephora	NA
ASV210	108.521168542834	7.21642764830978	1.12703697517139	6.40300878080097	1.52344427618034e-10	6.51787105187428e-09	NA	NA	NA	NA	NA	NA	NA
ASV2138	2.02691634278184	-1.85463504579191	0.534727577864985	-3.46837365897031	0.00052361867205493	0.00586477611695487	NA	NA	NA	NA	NA	NA	NA
ASV2139	2.10564708739119	-1.95166009226293	0.47850035187235	-4.07870147770252	4.5287944557497e-05	0.000674513463454375	Fungi	Ascomycota	Dothideomycetes	Pleosporales	Didymosphaeriaceae	Paraconiothyrium	NA
ASV214	436.877731944508	-8.73625239561946	0.784274146422544	-11.1392839295669	8.07661090904363e-29	3.19631876725402e-26	Fungi	Ascomycota	Eurotiomycetes	Chaetothyriales	Trichomeriaceae	Knufia	NA
ASV2146	5.51246012912125	-3.77914254322897	0.576247511784484	-6.55819325193437	5.44636005391307e-11	2.58647638960332e-09	Fungi	Ascomycota	Taphrinomycetes	Taphrinales	Taphrinaceae	Taphrina	Taphrina wiesneri
ASV2147	5.19683094054588	-3.80199503458001	0.564390953051687	-6.73645637659933	1.62295988831915e-11	8.88067919800318e-10	NA	NA	NA	NA	NA	NA	NA
ASV2148	10.9416022747825	-4.99282822545705	0.642460023453711	-7.77142241258344	7.76096118219829e-15	7.52179686821626e-13	Fungi	Ascomycota	Eurotiomycetes	Chaetothyriales	Trichomeriaceae	Knufia	NA
ASV2169	5.60328149336775	-3.92748468595183	0.598151663708984	-6.56603487750667	5.16727178961568e-11	2.47872461907928e-09	NA	NA	NA	NA	NA	NA	NA
ASV218	186.062418564517	-9.17297747812506	0.792178933313512	-11.5794261780688	5.23955955576792e-31	2.76474092559354e-28	NA	NA	NA	NA	NA	NA	NA
ASV22	1547.69861844827	-11.626018130543	0.839722381188096	-13.8450735516824	1.36241224519487e-43	1.61752393810761e-40	Fungi	NA	NA	NA	NA	NA	NA
ASV2209	8.02345147461402	-4.50695098569649	0.636811646227222	-7.07736897149705	1.46916990953037e-12	9.69039986161075e-11	NA	NA	NA	NA	NA	NA	NA
ASV221	1.7838755541838	-1.7197835708382	0.513649052896094	-3.34816848418504	0.000813475403734309	0.00872052977953551	Fungi	Ascomycota	Sordariomycetes	Sordariales	Chaetomiaceae	Chaetomium	Chaetomium globosum
ASV2224	5.49418773470048	-3.89301433463465	0.584288084002827	-6.66283369663211	2.68597544799512e-11	1.37158036586332e-09	Fungi	NA	NA	NA	NA	NA	NA
ASV224	107.231279132791	7.19913281719513	1.10292890614458	6.52728637094165	6.69719274220429e-11	3.14900676561665e-09	NA	NA	NA	NA	NA	NA	NA
ASV228	97.3112729828743	5.55880453227035	1.02081998230298	5.44543076021066	5.16801639330234e-08	1.39342866298443e-06	NA	NA	NA	NA	NA	NA	NA
ASV2296	2.11402767170289	-2.11161459987244	0.562334939419886	-3.7550834064318	0.000173283763093226	0.00218282384861998	NA	NA	NA	NA	NA	NA	NA
ASV230	25.9441544150722	4.91427792942433	0.879795792928974	5.58570291983774	2.32756831188464e-08	6.78136313689581e-07	Fungi	Ascomycota	Dothideomycetes	Pleosporales	Pleosporaceae	Alternaria	Alternaria longipes
ASV232	87.649747546785	5.56569815216317	0.84435622261117	6.5916469886978	4.34973873448749e-11	2.12957827320424e-09	Fungi	Basidiomycota	Microbotryomycetes	Sporidiobolales	Sporidiobolaceae	Rhodotorula	Rhodotorula paludigena
ASV233	18.3459133009158	4.63136342331386	0.964667408581899	4.80099501871029	1.57879196716405e-06	3.11107180583489e-05	Fungi	NA	NA	NA	NA	NA	NA
ASV2334	4.80627959055116	-3.67065732365839	0.584708075227537	-6.2777606111049	3.43484220789485e-10	1.34810459878451e-08	NA	NA	NA	NA	NA	NA	NA
ASV2344	2.77124542244137	-2.67118732852194	0.606226858022296	-4.40625038823948	1.05175380296703e-05	0.000180316924559221	NA	NA	NA	NA	NA	NA	NA
ASV2360	6.1734597343793	3.00837835608376	0.802795470492975	3.74737833814184	0.000178692459286319	0.00224500129404954	Fungi	Basidiomycota	Agaricomycetes	Agaricales	Inocybaceae	Inocybe	NA
ASV237	180.234735843439	-9.1269511626708	0.697712776932325	-13.081244122832	4.21484594383886e-39	3.33605056454846e-36	Fungi	Ascomycota	Eurotiomycetes	Chaetothyriales	Trichomeriaceae	Knufia	NA
ASV2390	1.57751086426123	-1.42230157952628	0.416492118238998	-3.41495437066138	0.000637926971247515	0.00702903755557877	Fungi	Ascomycota	Dothideomycetes	Mycosphaerellales	Teratosphaeriaceae	NA	NA
ASV24	3.29185976770998	1.78615155500093	0.509925649612796	3.50276860235844	0.000460449278405019	0.00521879146335427	Fungi	Basidiomycota	Agaricomycetes	Agaricales	Tricholomataceae	Tricholoma	NA
ASV2403	3.5605846060167	-3.14214097964791	0.594666856705367	-5.28386767181933	1.26484630527944e-07	3.18438948780185e-06	NA	NA	NA	NA	NA	NA	NA
ASV242	22.1630993876687	4.90803309085476	0.962843352001707	5.09743675401734	3.4428338444879e-07	7.89855938525267e-06	Fungi	NA	NA	NA	NA	NA	NA
ASV2420	7.83390590339988	-4.46922572461202	0.597726258094659	-7.47704432269436	7.60127840119229e-14	6.44615555843968e-12	NA	NA	NA	NA	NA	NA	NA
ASV2423	2.02469428616499	-2.01698508690534	0.509027876838051	-3.9624255933375	7.41921330590496e-05	0.00101831919045499	Fungi	Ascomycota	Dothideomycetes	Pleosporales	Pleosporaceae	Alternaria	NA
ASV2425	1.81026186427313	-1.86027841919901	0.480041720366418	-3.87524321381702	0.000106518255271916	0.00142094155698407	NA	NA	NA	NA	NA	NA	NA
ASV243	7.0575001628521	2.97498173516253	0.821305056429196	3.62226156027447	0.000292038608447138	0.00347591817422421	NA	NA	NA	NA	NA	NA	NA
ASV2475	7.29864835335494	-2.34931058752295	0.662095703506614	-3.54829456690393	0.000387734329474153	0.00448017112085827	Fungi	Basidiomycota	Agaricomycetes	Thelephorales	Thelephoraceae	Thelephora	NA
ASV2479	8.09973165541091	1.94897442829809	0.520862572067023	3.74182084261432	0.000182691742707416	0.00228919020083778	Fungi	Basidiomycota	Tremellomycetes	Tremellales	Cryptococcaceae	Cryptococcus	Cryptococcus neoformans
ASV249	99.7480412226619	5.57647130877224	0.857362302240595	6.50421798835676	7.80985781531779e-11	3.56625141970617e-09	Fungi	Basidiomycota	Microbotryomycetes	Sporidiobolales	Sporidiobolaceae	Rhodotorula	Rhodotorula mucilaginosa
ASV2494	3.36851113061071	-1.80663973819772	0.493442835665287	-3.66129490108395	0.000250943707693331	0.00304013180570313	Fungi	Ascomycota	Dothideomycetes	Pleosporales	Didymosphaeriaceae	Paraconiothyrium	NA
ASV252	21.330728503176	-6.00387070205292	0.728295796993074	-8.24372559451969	1.66929742587391e-16	2.0861824935461e-14	Fungi	Glomeromycota	Glomeromycetes	Glomerales	Glomeraceae	NA	NA
ASV2521	2.02754470943832	-2.01975717084298	0.541846643684663	-3.72754393587867	0.000193354861353252	0.00241008461041101	NA	NA	NA	NA	NA	NA	NA
ASV253	8.38976216869439	3.47036779407521	0.822424263603193	4.21968070211218	2.44648563735049e-05	0.000385992036271677	NA	NA	NA	NA	NA	NA	NA
ASV255	16.404729447832	-5.60963603892199	0.802088943748093	-6.99378302449681	2.67571269158138e-12	1.69426127630933e-10	Fungi	Glomeromycota	Glomeromycetes	NA	NA	NA	NA
ASV2567	5.90327296064675	-3.89610665794835	0.603257524610343	-6.45844684733095	1.05783003639519e-10	4.65151374337109e-09	Fungi	Ascomycota	Dothideomycetes	Pleosporales	Didymellaceae	Didymella	NA
ASV257	17.255394007354	-5.57650869628098	0.725023934491871	-7.69148221318962	1.45440155048203e-14	1.38139059264783e-12	Fungi	Glomeromycota	Glomeromycetes	Glomerales	Glomeraceae	NA	NA
ASV2585	10.134962713793	2.99402233157788	0.783732338424018	3.82021027433736	0.000133337949956093	0.00174923183519748	Fungi	Basidiomycota	Microbotryomycetes	Sporidiobolales	Sporidiobolaceae	Rhodotorula	Rhodotorula mucilaginosa
ASV259	18.6680000588308	-5.80433992658905	0.723425408425487	-8.02341175605376	1.02847877197872e-15	1.16291564003022e-13	Fungi	Glomeromycota	Glomeromycetes	Glomerales	Glomeraceae	NA	NA
ASV261	48.289742445639	3.95445614023507	0.819503461666014	4.82542945236111	1.39701910256006e-06	2.8112049652787e-05	Fungi	Basidiomycota	Microbotryomycetes	Sporidiobolales	Sporidiobolaceae	Rhodotorula	Rhodotorula paludigena
ASV2627	4.30152631125957	-3.35437211570376	0.576923663212746	-5.81423909191744	6.09103049662534e-09	1.99491750541198e-07	NA	NA	NA	NA	NA	NA	NA
ASV267	12.3468660674157	-5.1778233475236	0.673715340403441	-7.68547639782547	1.52428707206065e-14	1.41938025592471e-12	NA	NA	NA	NA	NA	NA	NA
ASV27	1404.40929040824	8.30510383297785	1.1782969253205	7.04839642242027	1.80991397541565e-12	1.17743581770533e-10	NA	NA	NA	NA	NA	NA	NA
ASV270	11.6984532033058	-5.09490906523586	0.7669590337151	-6.64300026633293	3.07361284118966e-11	1.53648288240102e-09	NA	NA	NA	NA	NA	NA	NA
ASV2709	5.08300182693461	-3.7637255467471	0.544282825627249	-6.91501801918821	4.67803907051e-12	2.74271698096938e-10	NA	NA	NA	NA	NA	NA	NA
ASV2721	2.91734942836873	-2.77446798904997	0.585456843104933	-4.73897951954196	2.14797210622e-06	4.16355899283215e-05	NA	NA	NA	NA	NA	NA	NA
ASV273	7.78206541987208	3.35816381531063	0.860467810082964	3.90271870250073	9.51182254059891e-05	0.00127965000694913	Fungi	Basidiomycota	Agaricomycetes	Agaricales	Tricholomataceae	Clitocybe	NA
ASV2730	1.90942987056648	-1.88573328343327	0.483371391093954	-3.90120995610751	9.57130918067568e-05	0.00128401546042454	Fungi	Basidiomycota	Agaricomycetes	Polyporales	Phanerochaetaceae	Phanerochaete	NA
ASV2740	27.2234518916327	4.33182419770469	0.905306260955008	4.78492680823288	1.71049652596955e-06	3.35667272802868e-05	Fungi	NA	NA	NA	NA	NA	NA
ASV2747	3.54961688188527	-3.14069323501489	0.508113347588363	-6.18108784176097	6.36613789768242e-10	2.38053455717274e-08	Fungi	Ascomycota	Dothideomycetes	NA	NA	NA	NA
ASV279	79.9002101213267	3.81904931042608	0.936697477853556	4.07714272827705	4.5592508268868e-05	0.000674513463454375	Fungi	Basidiomycota	Tremellomycetes	Filobasidiales	Filobasidiaceae	Naganishia	Naganishia vishniacii
ASV2829	2.15501347681745	-2.1631877653742	0.535585606312163	-4.03892065036827	5.36977252921915e-05	0.000773469589690299	NA	NA	NA	NA	NA	NA	NA
ASV284	10.9193730026471	3.86430457392614	0.888921938138936	4.34718101571048	1.37898408820725e-05	0.000233053218323708	Fungi	Ascomycota	Pezizomycetes	Pezizales	Pezizaceae	Peziza	NA
ASV2849	244.520809682054	-8.33129075772811	0.808110622871624	-10.3095919320091	6.37715189796995e-25	1.89281839771621e-22	Fungi	NA	NA	NA	NA	NA	NA
ASV2850	2.64317707871182	-2.58406262305806	0.497500461317348	-5.19409090840969	2.05722603564129e-07	4.98457471594923e-06	Fungi	Ascomycota	Eurotiomycetes	Chaetothyriales	Trichomeriaceae	Knufia	NA
ASV286	7.94074048830614	3.38833355879807	0.830961358554498	4.07760664670648	4.55016609181385e-05	0.000674513463454375	Fungi	NA	NA	NA	NA	NA	NA
ASV287	35.2308260615769	5.36113910130091	0.992300540520793	5.40273725789487	6.56315605364266e-08	1.75103528644657e-06	NA	NA	NA	NA	NA	NA	NA
ASV2877	2.82296104809567	-2.70721525124124	0.578022364498132	-4.68358218905904	2.81904342253341e-06	5.33096273808898e-05	NA	NA	NA	NA	NA	NA	NA
ASV2879	2.05014921116273	-2.05472634868012	0.498009523823963	-4.12587761957425	3.69323635420516e-05	0.000569453878120789	Fungi	Ascomycota	Eurotiomycetes	Chaetothyriales	NA	NA	NA
ASV289	77.3433470437306	6.5040168757336	1.00788583466476	6.4531285707542	1.0956432777612e-10	4.77358708815409e-09	Fungi	NA	NA	NA	NA	NA	NA
ASV2899	2.63947416724161	-2.43821853991471	0.54855589059915	-4.44479510966806	8.79756701792739e-06	0.000153038995487682	Fungi	Ascomycota	Saccharomycetes	Saccharomycetales	Pichiaceae	Pichia	Pichia membranifaciens
ASV292	20.9290092778362	3.28400449124905	0.854356000661147	3.84383616280299	0.000121125886522888	0.00159342613600331	Fungi	Basidiomycota	Agaricomycetes	Atheliales	Tylosporaceae	Amphinema	NA
ASV2973	1.73343202171218	-1.66367711429095	0.466229213766064	-3.56836737203199	0.000359212607534189	0.00419140214540507	NA	NA	NA	NA	NA	NA	NA
ASV2998	1.8056478201455	-1.75092149330623	0.458440242245035	-3.81930147478276	0.000133830118625277	0.00175085188251086	Fungi	Ascomycota	Lecanoromycetes	Peltigerales	Pannariaceae	Pectenia	NA
ASV3	225.119557387213	6.32433712371894	1.01480349279561	6.23208056398825	4.6028064220133e-10	1.77545691639034e-08	Fungi	Basidiomycota	Agaricomycetes	Agaricales	Tricholomataceae	Tricholoma	NA
ASV30	481.78431210827	8.49177510688961	1.10608509754409	7.67732530321986	1.62444550193521e-14	1.48355609397891e-12	NA	NA	NA	NA	NA	NA	NA
ASV3013	2.92656099847185	-2.51421660231488	0.470908537303296	-5.3390762815913	9.34213340363084e-08	2.39815089372123e-06	NA	NA	NA	NA	NA	NA	NA
ASV3026	4.81462312174692	-3.67351061007038	0.568349714881247	-6.46346873040649	1.02329689116735e-10	4.58456314731486e-09	NA	NA	NA	NA	NA	NA	NA
ASV3027	4.14906758432385	-3.4168009033591	0.554052501151026	-6.16692623219064	6.96302204279473e-10	2.56336369621955e-08	NA	NA	NA	NA	NA	NA	NA
ASV307	9.75757509691038	3.27154922758267	0.908754332966655	3.60003700549366	0.000318171895865542	0.00374009488481549	NA	NA	NA	NA	NA	NA	NA
ASV31	131.659875244753	-8.28844272939025	0.876429556568968	-9.45705523880061	3.16737453701911e-21	6.83720985286534e-19	NA	NA	NA	NA	NA	NA	NA
ASV3108	2.84930099210046	-2.72519073447724	0.565277315915964	-4.8209801768914	1.42854554051607e-06	2.85302567443673e-05	NA	NA	NA	NA	NA	NA	NA
ASV3111	2.53791672758833	-2.50248418879252	0.50712024176593	-4.93469592157906	8.02757278063929e-07	1.7019171042525e-05	NA	NA	NA	NA	NA	NA	NA
ASV3149	4.22745309907451	-3.45023144635513	0.587732045828817	-5.87041572914343	4.34703699022501e-09	1.4436418647957e-07	NA	NA	NA	NA	NA	NA	NA
ASV315	82.8111127728561	-7.79347869836144	0.716907483180811	-10.8709685436438	1.58509122121214e-27	5.3768558639546e-25	NA	NA	NA	NA	NA	NA	NA
ASV317	7.73500405062447	3.11649589405038	0.852791994925106	3.65446194687144	0.000257721882361536	0.00311430335708635	NA	NA	NA	NA	NA	NA	NA
ASV3180	2.16822668428395	-2.17296878829986	0.55467168755242	-3.91757653592963	8.94436520349759e-05	0.00121710001006906	Fungi	Ascomycota	Sordariomycetes	Xylariales	Amphisphaeriaceae	Monochaetia	NA
ASV32	744.86744530701	5.59502057508553	0.974983398029847	5.73858035571827	9.54734618515211e-09	3.00267198895943e-07	Fungi	Ascomycota	Dothideomycetes	Pleosporales	Pleosporaceae	Alternaria	Alternaria tellustris
ASV327	18.5216115746147	4.64483481183267	0.851571774330106	5.45442551273679	4.91314243222423e-08	1.33328648060759e-06	Fungi	Ascomycota	Dothideomycetes	Pleosporales	Didymellaceae	NA	NA
ASV334	5.38000900167918	-3.86012107276331	0.608782451742536	-6.34072329403447	2.28688955144092e-10	9.36244696533871e-09	NA	NA	NA	NA	NA	NA	NA
ASV335	41.4271788575423	5.82026324576463	1.02203543725082	5.69477635865601	1.23533739137593e-08	3.76065209720788e-07	NA	NA	NA	NA	NA	NA	NA
ASV3369	4.47958948135761	2.5158303064264	0.748781487418053	3.35989918113692	0.000779709203976256	0.00841554320382554	NA	NA	NA	NA	NA	NA	NA
ASV3394	3.69580702942319	-3.08553122482521	0.534662345410817	-5.77099032933465	7.88069979782393e-09	2.52874617161256e-07	NA	NA	NA	NA	NA	NA	NA
ASV341	11.1607065646161	-4.90972889970851	0.753371291903699	-6.51701087162756	7.17222297141367e-11	3.30688222245083e-09	Fungi	Glomeromycota	Glomeromycetes	NA	NA	NA	NA
ASV342	5.59761745897093	2.85938179043541	0.804408685375987	3.55463813658216	0.00037849962673544	0.00439084657934095	NA	NA	NA	NA	NA	NA	NA
ASV343	5.81161040897948	2.91784060293782	0.818726292219909	3.56387797810466	0.000365415874040827	0.00425333329857816	Fungi	Basidiomycota	Tremellomycetes	Tremellales	Cryptococcaceae	Cryptococcus	NA
ASV3436	2.94483035090238	-2.79479463733279	0.572175322484788	-4.88450747088467	1.03687711492778e-06	2.13165775705283e-05	NA	NA	NA	NA	NA	NA	NA
ASV346	39.7049731693336	5.75829440331101	1.03685430727636	5.55361960007389	2.79814058630083e-08	8.05355736020765e-07	Fungi	Ascomycota	Eurotiomycetes	Chaetothyriales	NA	NA	NA
ASV349	12.8755417546919	-4.12454907814382	0.745707299665052	-5.53105632732365	3.18308083062754e-08	8.99788741943464e-07	Fungi	Basidiobolomycota	Basidiobolomycetes	Basidiobolales	Basidiobolaceae	Basidiobolus	Basidiobolus ranarum
ASV35	220.243539010759	6.6646025628788	0.922884923734854	7.22148817417842	5.14216942425565e-13	3.64480038743135e-11	Fungi	Ascomycota	Dothideomycetes	Pleosporales	Pleosporaceae	Alternaria	Alternaria tellustris
ASV350	9.28023882178238	-4.73588422532777	0.760475339784578	-6.2275316207746	4.73841127289021e-10	1.80021721079645e-08	Fungi	Chytridiomycota	Rhizophlyctidomycetes	Rhizophlyctidales	Rhizophlyctidaceae	NA	NA
ASV3520	7.92009010342801	3.38414477127913	0.8492070546653	3.98506436408837	6.74618370440867e-05	0.000934041586362588	Fungi	Chytridiomycota	Rhizophlyctidomycetes	Rhizophlyctidales	Rhizophlyctidaceae	NA	NA
ASV356	35.497328389938	-6.75883541047737	0.769410477895679	-8.78443380308862	1.57154094398335e-18	2.66544569392034e-16	NA	NA	NA	NA	NA	NA	NA
ASV3589	2.02935192944308	-2.02022739209	0.494406169207609	-4.08616946533624	4.38553513823157e-05	0.000659079315552585	Fungi	Ascomycota	Dothideomycetes	Capnodiales	Cladosporiaceae	Cladosporium	NA
ASV359	44.1342255601666	5.91221743203791	0.948845342423815	6.23096006029309	4.63585297183413e-10	1.77545691639034e-08	Fungi	Basidiomycota	Agaricomycetes	Agaricales	Inocybaceae	Inocybe	NA
ASV3596	2.63877873526969	-2.58090902815537	0.527433900429007	-4.89333170669556	9.91430963512714e-07	2.0560286662541e-05	NA	NA	NA	NA	NA	NA	NA
ASV361	31.5876460823858	5.0079847826131	1.03436435082602	4.84160613096715	1.28793856168348e-06	2.60273201252547e-05	NA	NA	NA	NA	NA	NA	NA
ASV3648	2.16683582034011	-2.17263923821476	0.502132937405044	-4.3268208005686	1.51276935412891e-05	0.000253856595857181	NA	NA	NA	NA	NA	NA	NA
ASV367	22.2181636762433	4.91135661932819	0.961180065565876	5.10971543759256	3.2264439461e-07	7.47433282928238e-06	Fungi	Ascomycota	Eurotiomycetes	Chaetothyriales	Herpotrichiellaceae	Cladophialophora	NA
ASV3706	2.64570711574788	-2.43997456254449	0.48080124747942	-5.07480913441043	3.87885149859171e-07	8.73017334920001e-06	Fungi	Ascomycota	Eurotiomycetes	Chaetothyriales	Trichomeriaceae	Knufia	NA
ASV3707	4.13401013407184	-3.41111613709055	0.550263782200735	-6.19905624798359	5.68027306139660e-10	2.14092196575972e-08	Fungi	Ascomycota	Dothideomycetes	Capnodiales	Cladosporiaceae	Cladosporium	NA
ASV371	9.88219599961038	3.48239266523594	0.936179052098869	3.71979340643073	0.000199385802637902	0.00247227983479738	Fungi	Ascomycota	Saccharomycetes	Saccharomycetales	Pichiaceae	Pichia	Pichia membranifaciens
ASV3710	3.98823259819748	2.33280573243569	0.692016187376531	3.37102769413454	0.000748883290303977	0.00811974142843284	NA	NA	NA	NA	NA	NA	NA
ASV3753	37.5826685830456	-6.29614677418133	0.653262347847868	-9.63800652972515	5.52504614421765e-22	1.38097074415208e-19	Fungi	Ascomycota	Sordariomycetes	Sordariales	Chaetomiaceae	Chaetomium	Chaetomium globosum
ASV38	120.665185889183	6.78545959728106	1.10131995536899	6.16120643615109	7.21928043229621e-10	2.63725867484421e-08	Fungi	Ascomycota	Eurotiomycetes	Chaetothyriales	NA	NA	NA
ASV3809	2.17279370911696	-2.0174746612723	0.516593763913449	-3.90534071876701	9.40927179139646e-05	0.00126944976526539	NA	NA	NA	NA	NA	NA	NA
ASV381	15.994734378161	-5.57153971924383	0.761517135814282	-7.31636815143529	2.54772103085959e-13	2.05069952128003e-11	Fungi	Chytridiomycota	Rhizophlyctidomycetes	Rhizophlyctidales	Rhizophlyctidaceae	NA	NA
ASV3863	8.49068071321618	2.55786308787164	0.691216850082634	3.70052189492465	0.000215156513452044	0.00262667938916133	Fungi	Ascomycota	Dothideomycetes	Pleosporales	Didymellaceae	NA	NA
ASV3865	2.75400088561068	-2.66398555028613	0.512788977041725	-5.19509129399513	2.04619400918545e-07	4.98326941006242e-06	NA	NA	NA	NA	NA	NA	NA
ASV388	10.6415968623146	-2.97092210833492	0.785275140730954	-3.78328811678606	0.000154770082186254	0.00196524898476609	Viridiplantae	Anthophyta	Eudicotyledonae	Ericales	Ericaceae	Pyrola	NA
ASV39	1505.32196037211	-10.5265461636322	0.940446423850738	-11.1931375319929	4.40562962794105e-29	1.92009136875221e-26	Fungi	Ascomycota	Pezizomycetes	Pezizales	Pyronemataceae	Picoa	NA
ASV390	72.7213500425821	6.63686810014847	1.05155265958769	6.31149380835646	2.76354860036643e-10	1.10286489942354e-08	Fungi	Chytridiomycota	Rhizophlyctidomycetes	Rhizophlyctidales	Rhizophlyctidaceae	NA	NA
ASV3925	3.31767156764296	-3.01587891492679	0.620490200567476	-4.8604779127351	1.17102709243793e-06	2.37658447093493e-05	Fungi	Glomeromycota	Glomeromycetes	Glomerales	Glomeraceae	NA	NA
ASV397	64.0146850480323	5.86757288821922	1.04704186113699	5.60395253141796	2.09518109742191e-08	6.2187593947854e-07	Fungi	Basidiomycota	Agaricomycetes	Agaricales	Amanitaceae	NA	NA
ASV398	14.4207286954382	4.27625833926623	0.921667601237931	4.63969692926452	3.48920502115996e-06	6.42257156801886e-05	Fungi	Ascomycota	Leotiomycetes	Helotiales	Helotiaceae	NA	NA
ASV3992	1.84618013329707	-1.8118587573205	0.468706036960713	-3.86566123421271	0.000110788629265044	0.00146965139770865	NA	NA	NA	NA	NA	NA	NA
ASV3995	2.20706522738078	-2.2154302220043	0.512378223237994	-4.32381807330492	1.53351772254135e-05	0.000255532479450838	Fungi	Chytridiomycota	Rhizophlyctidomycetes	Rhizophlyctidales	Rhizophlyctidaceae	NA	NA
ASV3997	2.34314715072937	-1.88886274335301	0.461471019590308	-4.09313404995602	4.25581516027076e-05	0.00064161479987701	Fungi	Mortierellomycota	Mortierellomycetes	Mortierellales	Mortierellaceae	Mortierella	NA
ASV4	536.094028539556	7.46123025924841	0.991276098296691	7.52689414389092	5.19614616783829e-14	4.48663602746619e-12	Fungi	Ascomycota	Saccharomycetes	Saccharomycetales	Pichiaceae	Pichia	Pichia membranifaciens
ASV40	11.5442681895305	2.79244226854284	0.8026787633325	3.47890388547143	0.000503469126603925	0.00567927525473168	Fungi	NA	NA	NA	NA	NA	NA
ASV4046	2.63638984376873	-2.57172179094865	0.543319184175942	-4.73335355321422	2.20840318148164e-06	4.2632954101042e-05	Fungi	Ascomycota	Dothideomycetes	Mycosphaerellales	Mycosphaerellaceae	Pseudocercospora	Pseudocercospora musae
ASV4056	3.45083951765239	-3.08838157012786	0.560983138317973	-5.50530195860775	3.68536040887452e-08	1.0234957065348e-06	NA	NA	NA	NA	NA	NA	NA
ASV41	664.544468793778	6.52894466940882	0.874045273864777	7.46980146753693	8.03159036545304e-14	6.69158292026956e-12	Fungi	Basidiomycota	Microbotryomycetes	Sporidiobolales	Sporidiobolaceae	Rhodotorula	NA
ASV4155	13.3712765537691	2.83949771480245	0.600642648782093	4.72743272653053	2.2737636018515e-06	4.37170175918736e-05	NA	NA	NA	NA	NA	NA	NA
ASV42	3.91445604942961	-2.72693715541404	0.551597602696377	-4.94370740932147	7.6650718316454e-07	1.63970387966144e-05	Fungi	Basidiomycota	Agaricomycetes	Thelephorales	Thelephoraceae	NA	NA
ASV422	48.853806396185	4.8250378738999	0.836896421636177	5.76539431781379	8.14671391177366e-09	2.59656002463175e-07	Fungi	Basidiomycota	Microbotryomycetes	Sporidiobolales	Sporidiobolaceae	Rhodotorula	Rhodotorula mucilaginosa
ASV4277	97.4630240758695	5.11049883895062	0.804088397778438	6.35564305251771	2.07556488509027e-10	8.57118055590757e-09	Fungi	Ascomycota	Dothideomycetes	Pleosporales	Didymellaceae	Phoma	NA
ASV4306	2.11478406977677	-2.11913603128936	0.516569983011535	-4.1023212749124	4.09025782401594e-05	0.000620595348442547	Fungi	Ascomycota	NA	NA	NA	NA	NA
ASV431	19.4734462928561	-5.86759136776752	0.77459256205699	-7.5750680489181	3.58939439666328e-14	3.21623282825545e-12	Fungi	Glomeromycota	Glomeromycetes	NA	NA	NA	NA
ASV4318	51.046389608653	6.12357616974825	0.930914985297839	6.57801868748418	4.76758321608840e-11	2.31033190746978e-09	Fungi	Chytridiomycota	Rhizophlyctidomycetes	Rhizophlyctidales	Rhizophlyctidaceae	NA	NA
ASV435	11.8492734046258	-3.54137736857551	0.716571884303306	-4.94211040950714	7.72814271950765e-07	1.64578250111847e-05	Fungi	Ascomycota	Dothideomycetes	Pleosporales	Pleosporaceae	Pithomyces	NA
ASV439	7.57126917289006	3.31545043399692	0.877083342392603	3.7800859664632	0.000156774219556193	0.00198538871645962	Fungi	Ascomycota	Eurotiomycetes	Chaetothyriales	Herpotrichiellaceae	Cladophialophora	NA
ASV44	661.293737371557	9.24338861995052	1.17051565191716	7.89685178904783	2.86036157784326e-15	2.95301242025601e-13	Fungi	Basidiomycota	Agaricomycetes	Agaricales	Tricholomataceae	Tricholoma	NA
ASV440	6.32803924535434	3.0436362601094	0.876465417858356	3.47262561430721	0.000515393762185634	0.00580001179293738	NA	NA	NA	NA	NA	NA	NA
ASV4432	68.5104317779925	6.55041475775242	0.94274405934777	6.94824294335439	3.69863681225006e-12	2.28114626251631e-10	Fungi	Chytridiomycota	Rhizophlyctidomycetes	Rhizophlyctidales	Rhizophlyctidaceae	NA	NA
ASV4438	10.7959273872452	3.41312058525738	0.84967367271732	4.01697815861702	5.89491853225503e-05	0.000829236011818092	Fungi	Ascomycota	Dothideomycetes	Pleosporales	Didymellaceae	Phoma	NA
ASV446	9.0236286201979	-4.37136715766809	0.622604181094513	-7.02110151265512	2.2012584292516e-12	1.41267247033998e-10	Fungi	Ascomycota	Eurotiomycetes	Chaetothyriales	Trichomeriaceae	Knufia	NA
ASV449	73.807320045518	6.65827622084961	1.07802043096742	6.17639149461617	6.55832450280235e-10	2.43324086436003e-08	NA	NA	NA	NA	NA	NA	NA
ASV45	49.3575448553185	3.46725498710497	0.979221210463948	3.54082913038843	0.000398871802096145	0.00459767521396746	Fungi	Ascomycota	NA	NA	NA	NA	NA
ASV456	14.4671014092502	4.28134488236828	0.990729003026381	4.32140864887376	1.55036237338616e-05	0.000256539056139751	NA	NA	NA	NA	NA	NA	NA
ASV4580	2.08730381938575	-2.08240804439939	0.515503360576583	-4.03956250075703	5.35509969046938e-05	0.000773469589690299	Fungi	NA	NA	NA	NA	NA	NA
ASV4592	3.06942866660876	-2.87249401105698	0.513015758128368	-5.59923153537561	2.15304077636639e-08	6.35080164407701e-07	NA	NA	NA	NA	NA	NA	NA
ASV4594	2.64572479265249	-2.5847718970727	0.554295786628568	-4.66316353006081	3.113851158941e-06	5.79908986423953e-05	NA	NA	NA	NA	NA	NA	NA
ASV46	823.231081816486	-10.8649965969698	0.626562703945539	-17.3406373034201	2.32148650714295e-67	1.10247394224219e-63	Fungi	Ascomycota	Eurotiomycetes	Chaetothyriales	Trichomeriaceae	Knufia	NA
ASV462	45.6335644529753	5.96078667464561	0.969860705032911	6.14602348946938	7.94495232351209e-10	2.85837716548174e-08	Fungi	NA	NA	NA	NA	NA	NA
ASV4689	1.83992124554979	-1.80839801786739	0.447299628366374	-4.04292313962346	5.27889289364321e-05	0.000769001912635325	Fungi	NA	NA	NA	NA	NA	NA
ASV4690	2.53189350625534	-2.49800244771623	0.547640032715728	-4.56139489169322	5.08149115354762e-06	9.28153903392217e-05	NA	NA	NA	NA	NA	NA	NA
ASV4699	1.8947547240008	-1.87434733384631	0.494223308914462	-3.79251099662464	0.000149131644367916	0.00191650170200709	NA	NA	NA	NA	NA	NA	NA
ASV47	741.531085142311	9.99259927998433	1.17202369054461	8.52593625930976	1.51578720320056e-17	2.39949114266648e-15	NA	NA	NA	NA	NA	NA	NA
ASV4790	1.8982318838604	-1.8777922489779	0.467496421580802	-4.01669865756041	5.90191139175648e-05	0.000829236011818092	NA	NA	NA	NA	NA	NA	NA
ASV488	7.62306412197469	3.32575657448834	0.87750114346116	3.7900310435727	0.000150628458606859	0.00192812547149319	Fungi	Ascomycota	Sordariomycetes	Sordariales	Chaetomiaceae	Chaetomium	Chaetomium globosum
ASV489	3.81138433345999	-3.26454724867608	0.64762484773408	-5.04079987063209	4.63590078234255e-07	1.03360999133074e-05	Fungi	Glomeromycota	Glomeromycetes	Glomerales	Glomeraceae	Glomus	Glomus macrocarpum
ASV49	311.801887387233	8.51422084514665	1.1685971039624	7.28584797641311	3.19653270117963e-13	2.3719271559222e-11	NA	NA	NA	NA	NA	NA	NA
ASV4900	3.65493956243593	2.19631204733253	0.64200566650759	3.42101660765725	0.00062387522388497	0.0068901940423947	Fungi	Basidiomycota	Microbotryomycetes	Sporidiobolales	Sporidiobolaceae	Rhodotorula	NA
ASV4913	2.32620178367925	-2.02133082849727	0.495736927045793	-4.07742638932072	4.55369396124304e-05	0.000674513463454375	Fungi	Ascomycota	Dothideomycetes	Pleosporales	Melanommataceae	Herpotrichia	NA
ASV493	12.7077183772974	3.86520697848157	0.906103886430542	4.26574373685557	1.9923736732243e-05	0.000321829339256538	Fungi	Basidiobolomycota	Basidiobolomycetes	Basidiobolales	Basidiobolaceae	Basidiobolus	Basidiobolus ranarum
ASV494	12.3676539668033	4.04929461451111	0.905436871201455	4.47219982232219	7.74190323771194e-06	0.000136171475836645	Fungi	Ascomycota	Dothideomycetes	Pleosporales	Phaeosphaeriaceae	Phaeosphaeria	NA
ASV500	8.71355242132418	3.52791887366523	0.855657494391166	4.12305028214062	3.73888041232635e-05	0.000572772357359285	Fungi	Ascomycota	Sordariomycetes	Sordariales	NA	NA	NA
ASV5003	1.89684101991656	-1.87694699168074	0.463313373151399	-4.0511392514185	5.09688615764548e-05	0.000747071369217852	NA	NA	NA	NA	NA	NA	NA
ASV506	2.56592656118005	-2.51596635268972	0.5544452598198	-4.53780839159385	5.68418704455971e-06	0.000102250773767477	Fungi	Ascomycota	Eurotiomycetes	Chaetothyriales	Trichomeriaceae	Knufia	NA
ASV5067	27.5774249365072	-4.24893257227998	0.78040005991257	-5.44455695295052	5.19344858598114e-08	1.39342866298443e-06	Fungi	Ascomycota	Dothideomycetes	Pleosporales	Didymellaceae	NA	NA
ASV509	9.74445228263933	3.46483691657863	0.867685878111854	3.99319270254618	6.51895467028864e-05	0.000907874361560139	Fungi	Ascomycota	Leotiomycetes	Helotiales	Hyaloscyphaceae	Cistella	NA
ASV5147	3.05658360372017	-2.86534044116267	0.545721335301758	-5.25055601789561	1.51640779030724e-07	3.7703772754812e-06	NA	NA	NA	NA	NA	NA	NA
ASV519	9.58205347630783	-4.56462986442387	0.741246281533169	-6.15804757223543	7.36472353498414e-10	2.66985282959081e-08	Fungi	NA	NA	NA	NA	NA	NA
ASV52	666.427539286649	9.83854485135185	1.18566506891868	8.29791237783914	1.05956776618266e-16	1.35996954637877e-14	Fungi	Ascomycota	Eurotiomycetes	Chaetothyriales	Trichomeriaceae	Knufia	NA
ASV521	9.261713705262	3.61993266410414	0.877971093658903	4.12306588479838	3.73862706246073e-05	0.000572772357359285	Fungi	Ascomycota	Eurotiomycetes	Chaetothyriales	Herpotrichiellaceae	Exophiala	Exophiala heteromorpha
ASV522	37.833976700641	5.68818870274267	0.911546710284627	6.24015054693857	4.37149958057267e-10	1.70165995968357e-08	NA	NA	NA	NA	NA	NA	NA
ASV5281	3.87258792138923	-3.29607653663008	0.537142923398148	-6.13631194427358	8.44592361146702e-10	2.99326053961619e-08	NA	NA	NA	NA	NA	NA	NA
ASV533	4.47741636704148	-3.42394615012151	0.610210179014796	-5.61109314113635	2.01052509139222e-08	6.005021169196e-07	Fungi	Basidiomycota	Tremellomycetes	Filobasidiales	Piskurozymaceae	Solicoccozyma	NA
ASV5359	2.07500583844753	-1.4416596664349	0.422925605073816	-3.4087783977593	0.00065254464241431	0.00717345950654065	Fungi	Ascomycota	Sordariomycetes	Hypocreales	Bionectriaceae	Clonostachys	NA
ASV537	17.0287787426089	4.52140336500193	0.946430561953309	4.77732180971666	1.77645351070993e-06	3.47176037957262e-05	NA	NA	NA	NA	NA	NA	NA
ASV54	4.04030896726247	2.35940341887771	0.551438368914535	4.27863484276951	1.88043059551059e-05	0.000305827565002732	Fungi	Ascomycota	Eurotiomycetes	Eurotiales	Aspergillaceae	Penicillium	Penicillium chrysogenum
ASV5437	46.1196283121575	5.97624381993709	0.989680440870559	6.03855908749714	1.55496488377081e-09	5.3126102395882e-08	Fungi	Chytridiomycota	Rhizophlyctidomycetes	Rhizophlyctidales	Rhizophlyctidaceae	NA	NA
ASV55	13.9614616030039	3.99726786506159	0.904204202610008	4.42075789243555	9.83553241002873e-06	0.000169850703328096	NA	NA	NA	NA	NA	NA	NA
ASV552	1.6296279473807	-1.50790279467311	0.429840839619293	-3.50804915607519	0.000451405633427477	0.00512852955298347	Fungi	Ascomycota	Pezizomycetes	Pezizales	Pyronemataceae	Picoa	NA
ASV553	16.0453042772602	4.43423425018244	0.941254967450313	4.71098098126798	2.46527244287362e-06	4.7207979158092e-05	NA	NA	NA	NA	NA	NA	NA
ASV5542	1.63396418290923	-1.50997200258788	0.439766972429057	-3.43357299946274	0.000595681778196558	0.00659415562856749	Fungi	Ascomycota	Eurotiomycetes	Chaetothyriales	Trichomeriaceae	Knufia	NA
ASV5562	2.20752829787297	-2.05911006013145	0.517873561413722	-3.97608646888707	7.00586604365376e-05	0.000964372691052513	Fungi	Ascomycota	Eurotiomycetes	Chaetothyriales	Herpotrichiellaceae	Cladophialophora	NA
ASV5564	1.89289913709749	-1.87433037058531	0.460239030981735	-4.07251502895609	4.65081981703477e-05	0.000685923705313606	Fungi	Ascomycota	Dothideomycetes	Pleosporales	Didymosphaeriaceae	Paraconiothyrium	NA
ASV56	30.3592486168164	-3.46305516754695	0.742129779996249	-4.66637407754268	3.06561371316997e-06	5.75438716357478e-05	Fungi	Ascomycota	Dothideomycetes	Capnodiales	Cladosporiaceae	Cladosporium	NA
ASV565	2.20446587916876	-2.2115933249492	0.583194881223439	-3.79220290875954	0.000149316830857575	0.00191650170200709	Fungi	NA	NA	NA	NA	NA	NA
ASV570	9.09872406515576	3.16259400238379	0.768350657759847	4.11608159691624	3.85367923592652e-05	0.000588460536701449	Fungi	Basidiomycota	Microbotryomycetes	Sporidiobolales	Sporidiobolaceae	Rhodotorula	NA
ASV5721	1.6296279473807	-1.50756292822861	0.435633450509896	-3.46062251754096	0.00053892793523336	0.00602204415158406	NA	NA	NA	NA	NA	NA	NA
ASV5722	1.94263388273261	-1.93375104599966	0.502918486086393	-3.84505859199511	0.000120523636749847	0.0015899076414584	Fungi	Ascomycota	Leotiomycetes	Helotiales	Mollisiaceae	Phialocephala	NA
ASV5723	1.78439233512685	-1.73491989552935	0.480237209314171	-3.6126311370312	0.000303105730799999	0.00358964866725485	Fungi	Chytridiomycota	Rhizophlyctidomycetes	Rhizophlyctidales	Rhizophlyctidaceae	NA	NA
ASV582	80.3656260669265	-7.65934491478811	0.778717449324225	-9.83584600734827	7.89016318466329e-23	2.204140291998e-20	Fungi	Ascomycota	Dothideomycetes	Pleosporales	Melanommataceae	Herpotrichia	NA
ASV587	2.21938700520694	-1.7652584244469	0.520174136662202	-3.39359129958676	0.000689825595725561	0.0075309925381625	Fungi	Basidiomycota	Tremellomycetes	Filobasidiales	Piskurozymaceae	Solicoccozyma	NA
ASV592	11.5518806574574	3.94728432627161	0.937569957099118	4.21012245153917	2.55232314765064e-05	0.000401357040668638	NA	NA	NA	NA	NA	NA	NA
ASV60	144.723839686419	7.04757809305784	1.01905475297492	6.91579924678617	4.65232845605532e-12	2.74271698096938e-10	NA	NA	NA	NA	NA	NA	NA
ASV603	3.25829717270163	-2.84349393597859	0.605423809915904	-4.69669988098678	2.64398493557272e-06	5.04268452170074e-05	NA	NA	NA	NA	NA	NA	NA
ASV6098	2.12080398617521	-2.12361037146405	0.518802758718182	-4.09329043799015	4.25294454631318e-05	0.00064161479987701	NA	NA	NA	NA	NA	NA	NA
ASV6099	2.00303081695899	-2.00070644141904	0.494756082188626	-4.04382384258649	5.25864359240147e-05	0.000768409182163525	NA	NA	NA	NA	NA	NA	NA
ASV613	37.1049156865651	-6.8242299360778	0.712745052758581	-9.57457355847728	1.02278510288611e-21	2.42860322680306e-19	Fungi	Ascomycota	Eurotiomycetes	Chaetothyriales	Trichomeriaceae	Knufia	NA
ASV617	2.13734650386731	-2.30993741893715	0.534749660037895	-4.31966131362002	1.56268844932075e-05	0.000257680814091119	Fungi	Basidiobolomycota	Basidiobolomycetes	Basidiobolales	Basidiobolaceae	Basidiobolus	Basidiobolus ranarum
ASV62	263.078358021865	7.26008013582419	1.11389516533669	6.5177409524259	7.13741135507928e-11	3.30688222245083e-09	Fungi	Basidiomycota	Agaricomycetes	Agaricales	Hygrophoraceae	NA	NA
ASV625	36.6519327604028	-6.60606714773992	0.748933363628655	-8.82063407581802	1.13813379298525e-18	2.07884514726421e-16	Fungi	Glomeromycota	Glomeromycetes	Glomerales	Glomeraceae	NA	NA
ASV6278	1.68698182349484	-1.59099520137298	0.469538614528387	-3.38842248996071	0.000702958937219542	0.0076567706258156	NA	NA	NA	NA	NA	NA	NA
ASV63	100.448885572197	7.10446475322777	1.13119209594101	6.2805113107847	3.37461327845131e-10	1.33550320494711e-08	NA	NA	NA	NA	NA	NA	NA
ASV631	15.7739620983438	4.40925229538023	0.84943802206682	5.19078753344688	2.0940647102111e-07	5.02258247918814e-06	NA	NA	NA	NA	NA	NA	NA
ASV633	13.2184342068807	-5.28215815159326	0.725791716364647	-7.27778787287707	3.39338347246429e-13	2.47925817088198e-11	Fungi	Ascomycota	Eurotiomycetes	Chaetothyriales	Trichomeriaceae	Knufia	NA
ASV6365	10.3724938256944	3.78922542999961	0.81665919976567	4.63991029683726	3.48560445336645e-06	6.42257156801886e-05	NA	NA	NA	NA	NA	NA	NA
ASV640	49.56650540995	-7.04570987412278	0.748225948276344	-9.41655377009269	4.66136325798673e-21	9.6247017879039e-19	NA	NA	NA	NA	NA	NA	NA
ASV65	26.7848957251727	4.96301344235889	0.97044584444821	5.11415806533834	3.1514338794513e-07	7.33635269289913e-06	Fungi	Ascomycota	Eurotiomycetes	Chaetothyriales	Trichomeriaceae	Knufia	NA
ASV652	14.9169756551512	4.32653984964539	0.957245480348019	4.51978091144648	6.19036593603442e-06	0.000110936029548028	Fungi	NA	NA	NA	NA	NA	NA
ASV659	5.67512097528802	2.88080611351524	0.819609429484178	3.51485233073548	0.000439998578929499	0.0050350680755089	Fungi	NA	NA	NA	NA	NA	NA
ASV66	92.6678088232045	6.57186297682084	1.03942440931232	6.32259827452844	2.57201342060029e-10	1.0351264181721e-08	NA	NA	NA	NA	NA	NA	NA
ASV663	13.3122418952442	3.72608083306051	0.798722736811187	4.66504916078447	3.08543265029877e-06	5.76878726624758e-05	Fungi	Basidiomycota	Microbotryomycetes	Sporidiobolales	Sporidiobolaceae	Rhodotorula	NA
ASV6636	2.2746488428061	-2.3545916252363	0.585959058895039	-4.0183551896551	5.86058088581028e-05	0.000828330316271221	NA	NA	NA	NA	NA	NA	NA
ASV666	44.4346983023507	5.92212356514377	1.03237567873525	5.73640360493465	9.67080492037551e-09	3.02149030045153e-07	Fungi	NA	NA	NA	NA	NA	NA
ASV669	3.79746299741622	-3.26042880834351	0.647085161590588	-5.03863942781366	4.68852809206272e-07	1.04045887426196e-05	Fungi	Ascomycota	Dothideomycetes	Pleosporales	Pleosporaceae	NA	NA
ASV67	66.3358699434317	6.08925194659102	0.91132508375614	6.68175611000787	2.36095720306489e-11	1.23210832498408e-09	NA	NA	NA	NA	NA	NA	NA
ASV675	12.8575242066945	-5.23963188396681	0.718935725562678	-7.28803938608837	3.1449804335552e-13	2.37071620300851e-11	Fungi	Glomeromycota	Glomeromycetes	Glomerales	Glomeraceae	NA	NA
ASV6766	1.84270297343747	-1.80866488049616	0.48780731090599	-3.70774451317053	0.00020911347038602	0.00256609785752767	NA	NA	NA	NA	NA	NA	NA
ASV681	10.2341272709304	3.76725108343715	0.906694810523423	4.15492736884902	3.2539088815442e-05	0.000506649615686996	Fungi	Ascomycota	Dothideomycetes	Pleosporales	Didymellaceae	Epicoccum	NA
ASV683	13.4516452519564	4.17332613983384	0.888846233474404	4.69521721830418	2.66323563443819e-06	5.05908241117879e-05	NA	NA	NA	NA	NA	NA	NA
ASV685	2.16965717620629	-1.86034189572922	0.497820782276274	-3.73697113893649	0.000186250292382877	0.00232763852243759	NA	NA	NA	NA	NA	NA	NA
ASV688	26.3311546994074	5.16011763985165	0.934546062871103	5.52152306329212	3.36073690437408e-08	9.44386956146302e-07	Fungi	Ascomycota	Dothideomycetes	Pleosporales	Pleosporaceae	Alternaria	Alternaria tellustris
ASV6890	5.09681254420314	2.71444729210179	0.763721783710852	3.55423578323581	0.000379079195099977	0.00439084657934095	Fungi	Ascomycota	Eurotiomycetes	Chaetothyriales	Herpotrichiellaceae	Cladophialophora	NA
ASV691	2.47942457488124	-1.95427391894062	0.542745887149311	-3.60071621952797	0.0003173417971915	0.00373959353563879	Fungi	Ascomycota	Dothideomycetes	Capnodiales	Cladosporiaceae	Cladosporium	NA
ASV692	58.3211124360066	-6.94428421384001	0.709287441072176	-9.79050778531038	1.23673215262722e-22	3.26291166268147e-20	Fungi	Ascomycota	Eurotiomycetes	Chaetothyriales	Trichomeriaceae	Knufia	NA
ASV696	16.2100893219666	4.44841853566369	0.914119242897813	4.86634382792548	1.13681676575541e-06	2.32704431921226e-05	NA	NA	NA	NA	NA	NA	NA
ASV7	7.93462842151443	-2.72085206188438	0.658845294489485	-4.1297283059336	3.63192182828319e-05	0.000563660024918852	Fungi	Basidiomycota	Agaricomycetes	Agaricales	Inocybaceae	Inocybe	NA
ASV7033	1.63151139488284	-1.50807705557975	0.448554388602448	-3.36208293553528	0.000773568857796222	0.00836828816782292	Fungi	Basidiomycota	Agaricomycetes	Agaricales	Lycoperdaceae	Bovista	Bovista plumbea
ASV7076	1.84362911442184	-1.81085054997043	0.446384123078177	-4.05670913535894	4.97689985427685e-05	0.000731742953806834	NA	NA	NA	NA	NA	NA	NA
ASV7083	7.07829870454394	-4.30770374375593	0.603214413423862	-7.14124803368886	9.24872868112575e-13	6.18622711361495e-11	Fungi	Ascomycota	Eurotiomycetes	Eurotiales	Aspergillaceae	Penicillium	NA
ASV7086	2.92911483634104	-2.78125960035927	0.526403761718432	-5.28351011641694	1.26731862117193e-07	3.18438948780185e-06	Fungi	Ascomycota	Eurotiomycetes	Phaeomoniellales	Phaeomoniellaceae	Phaeomoniella	Phaeomoniella chlamydospora
ASV713	14.344536226029	-3.97048318794059	0.73538829460987	-5.39916560685395	6.69515502667057e-08	1.77627325260662e-06	Fungi	Ascomycota	Eurotiomycetes	Chaetothyriales	Trichomeriaceae	Knufia	NA
ASV717	105.916574742702	4.91003262612096	0.843885924113134	5.81836061702423	5.94275841307687e-09	1.95987220164598e-07	Fungi	Ascomycota	Dothideomycetes	Pleosporales	Pleosporaceae	Alternaria	Alternaria tellustris
ASV72	10.683340425255	3.60534311648552	0.905075589288026	3.98347183280199	6.79157245537859e-05	0.000937592371819561	Fungi	Ascomycota	Saccharomycetes	Saccharomycetales	Pichiaceae	Pichia	Pichia membranifaciens
ASV721	2.7366846522666	-2.43281231964478	0.572240793163052	-4.25137870055968	2.1245856911052e-05	0.000340866805643871	Fungi	Ascomycota	Sordariomycetes	Coniochaetales	Coniochaetaceae	Coniochaeta	NA
ASV726	11.2972420537812	-5.04126079852786	0.742968204525389	-6.78529816999133	1.15847000350013e-11	6.62840246580978e-10	NA	NA	NA	NA	NA	NA	NA
ASV728	5.77303608641993	-3.25891815566288	0.628838838257547	-5.18243778436623	2.19004430252222e-07	5.17711159884384e-06	NA	NA	NA	NA	NA	NA	NA
ASV729	3.47313603500831	-3.09719913238767	0.590523477204472	-5.24483657626918	1.56420911916079e-07	3.86897349317426e-06	Fungi	Rozellomycota	NA	NA	NA	NA	NA
ASV7338	2.5305026423115	-2.49783980837163	0.511353562047814	-4.88476074825518	1.03554519159885e-06	2.13165775705283e-05	Fungi	Ascomycota	Dothideomycetes	Pleosporales	Didymellaceae	Didymella	NA
ASV7356	550.552573043684	4.33161606032719	0.838153476052542	5.16804640687984	2.36553581030489e-07	5.53395544982165e-06	Fungi	Basidiomycota	Microbotryomycetes	Sporidiobolales	Sporidiobolaceae	Rhodotorula	Rhodotorula mucilaginosa
ASV738	18.2945985755566	4.62661016569934	0.919593909379201	5.03114485482257	4.87559587104815e-07	1.07693975774919e-05	Fungi	Basidiomycota	Agaricomycetes	Agaricales	Inocybaceae	Inocybe	NA
ASV740	8.79121884925657	3.54147907983279	0.90043961995695	3.93305558900453	8.38728314670739e-05	0.00114457493286533	NA	NA	NA	NA	NA	NA	NA
ASV742	7.92017276419533	2.59906668300705	0.684701700868039	3.79591094882933	0.000147102298923538	0.00190351176454464	NA	NA	NA	NA	NA	NA	NA
ASV7473	1.95739994537267	-1.77781825748792	0.488746993593556	-3.63750218577582	0.000275294856828285	0.00330145271484224	Fungi	Ascomycota	Dothideomycetes	Pleosporales	Melanommataceae	Herpotrichia	NA
ASV748	4.8469658903378	-2.67171071627919	0.60475251273232	-4.4178579832735	9.96838813788662e-06	0.000171521287198636	Fungi	Basidiobolomycota	Basidiobolomycetes	Basidiobolales	Basidiobolaceae	Basidiobolus	Basidiobolus ranarum
ASV75	73.6990118122841	-7.72371403190313	0.748039337556832	-10.3252778886329	5.41617433253428e-25	1.71476079368035e-22	Fungi	Mortierellomycota	Mortierellomycetes	Mortierellales	Mortierellaceae	Mortierella	NA
ASV756	21.9019595138497	4.14757028965246	0.911090716945614	4.55231319177192	5.30592682833528e-06	9.65434732098247e-05	Fungi	Ascomycota	Sordariomycetes	Hypocreales	Clavicipitaceae	Claviceps	Claviceps purpurea
ASV760	1.84093904495609	-1.79398494430337	0.500752544440699	-3.58257779060736	0.000340220255338423	0.00397957141035018	NA	NA	NA	NA	NA	NA	NA
ASV7618	1.74446636472126	-1.67180572804398	0.460827002211393	-3.62783803905025	0.00028580444645722	0.0034102646136315	NA	NA	NA	NA	NA	NA	NA
ASV7677	2.27871845801789	-2.12321955302467	0.499265062566375	-4.25269002824005	2.11217848627592e-05	0.000340024936655062	Fungi	Ascomycota	NA	NA	NA	NA	NA
ASV770	5.16362003637374	2.73287831968684	0.79465032834281	3.43909543885305	0.000583661429852309	0.0064913539352895	Fungi	Ascomycota	Eurotiomycetes	Chaetothyriales	Herpotrichiellaceae	Cladophialophora	NA
ASV778	12.1016996025839	-5.03549629853617	0.625527077757679	-8.05000531165952	8.27904431624279e-16	9.58955645313097e-14	Fungi	Ascomycota	Eurotiomycetes	Chaetothyriales	Trichomeriaceae	Knufia	NA
ASV7789	492.074952895372	9.4007094340787	1.14161869235734	8.23454407063629	1.80242752626865e-16	2.13993208056246e-14	Fungi	Ascomycota	Eurotiomycetes	Chaetothyriales	Trichomeriaceae	Knufia	NA
ASV78	230.359661730424	5.31255378989787	0.902399867567016	5.88713937228425	3.92937341504497e-09	1.32344640766302e-07	NA	NA	NA	NA	NA	NA	NA
ASV784	30.143725860075	5.13570934352731	0.873117508197858	5.88203683388227	4.0524812324076e-09	1.35529812483829e-07	Fungi	Ascomycota	Dothideomycetes	Pleosporales	Pleosporaceae	Alternaria	Alternaria tellustris
ASV785	4.47309321895047	-3.09258996701543	0.63195656772706	-4.89367485828727	9.89702990316294e-07	2.0560286662541e-05	Fungi	Ascomycota	Sordariomycetes	Xylariales	Xylariaceae	Circinotrichum	NA
ASV7909	2.53606465725053	-2.07653776168456	0.460852605813688	-4.50586095313098	6.61043654954073e-06	0.000117576641100258	Fungi	Basidiomycota	Agaricomycetes	Thelephorales	Thelephoraceae	Thelephora	NA
ASV7923	1.91964707732186	-1.89380829668169	0.499922331663019	-3.78820504053467	0.000151739599656188	0.00193712730851407	NA	NA	NA	NA	NA	NA	NA
ASV795	4.91787345846015	-3.70642702628597	0.649817933845061	-5.70379306762824	1.17170311114209e-08	3.58994714504116e-07	Fungi	Chytridiomycota	Rhizophlyctidomycetes	Rhizophlyctidales	Rhizophlyctidaceae	NA	NA
ASV799	43.123578642263	-6.83987579170709	0.735215254356011	-9.30322888593799	1.36244006224862e-20	2.69592827317446e-18	NA	NA	NA	NA	NA	NA	NA
ASV804	16.8898939959248	4.50969139347824	0.897714019198927	5.02352786859945	5.07308594297877e-07	1.1102343383966e-05	Fungi	Ascomycota	Pezizomycetes	Pezizales	Pezizaceae	Iodophanus	NA
ASV81	17.9581370287992	-2.916084806321	0.856388609379492	-3.40509527378451	0.000661409739744142	0.0072541220647689	NA	NA	NA	NA	NA	NA	NA
ASV812	3.36351192788669	-3.03872991029736	0.631859860420483	-4.80918333422094	1.51548166183845e-06	3.01130644856519e-05	NA	NA	NA	NA	NA	NA	NA
ASV814	3.9500392559723	-3.20381195946142	0.617181896922306	-5.19103359226483	2.09129887279055e-07	5.02258247918814e-06	NA	NA	NA	NA	NA	NA	NA
ASV82	86.3225154180907	6.88509041071168	1.12975679315724	6.09431202575065	1.09909095964288e-09	3.78230649807538e-08	Fungi	Basidiomycota	Agaricomycetes	Agaricales	Tricholomataceae	Clitocybe	NA
ASV823	7.4405691379083	3.06196771579191	0.830042299168187	3.68892973148527	0.000225199400684058	0.00273944814922036	Fungi	Ascomycota	Dothideomycetes	Pleosporales	Pleosporaceae	Alternaria	Alternaria citrimacularis
ASV826	24.4982496443499	5.05445985621328	0.975149882098139	5.18326459245226	2.18035377229862e-07	5.17711159884384e-06	NA	NA	NA	NA	NA	NA	NA
ASV83	567.553024726118	6.9201051923712	1.13150772199582	6.11582674854846	9.60576418592561e-10	3.35424809698241e-08	Fungi	Chytridiomycota	Rhizophlyctidomycetes	Rhizophlyctidales	Rhizophlyctidaceae	NA	NA
ASV832	6.20853126541509	3.01531033266039	0.826989109253596	3.64613064298014	0.000266218668777926	0.00320881334524459	Fungi	Basidiomycota	Agaricomycetes	Agaricales	Inocybaceae	Inocybe	NA
ASV839	22.7620661326859	4.9470894850107	0.905845756386396	5.46129343779856	4.72678006759897e-08	1.29008497362227e-06	Fungi	Basidiomycota	Agaricomycetes	Agaricales	Inocybaceae	Inocybe	NA
ASV8399	680.336012490874	9.86828428978992	1.17142578682999	8.42416515048264	3.6333149582612e-17	5.22867052629771e-15	NA	NA	NA	NA	NA	NA	NA
ASV84	114.465752955145	7.06555668552716	1.10622388716939	6.3870946627328	1.69066989756581e-10	7.04297486275443e-09	NA	NA	NA	NA	NA	NA	NA
ASV85	350.381308268298	8.91035434256009	1.13657036040067	7.83968564816255	4.51675721420276e-15	4.46876666880185e-13	NA	NA	NA	NA	NA	NA	NA
ASV851	7.21783828566658	-4.3386705950654	0.626613056450138	-6.92400286014571	4.39057039466426e-12	2.67318189798212e-10	NA	NA	NA	NA	NA	NA	NA
ASV854	22.3913177704312	4.50717743444688	0.884166938104817	5.09765434580473	3.43888001529839e-07	7.89855938525267e-06	Fungi	Basidiomycota	Agaricomycetes	Agaricales	Inocybaceae	Inocybe	NA
ASV87	167.856578747795	7.84721807776988	1.06295093353044	7.38248382896323	1.55363408339624e-13	1.27210487276703e-11	NA	NA	NA	NA	NA	NA	NA
ASV8711	2.07457117921714	-2.07259803598476	0.48846328549909	-4.2430989134978	2.20454207557135e-05	0.000352504051073681	NA	NA	NA	NA	NA	NA	NA
ASV873	8.35035170980231	-4.56974583583301	0.707311188844714	-6.46072889543426	1.04199849863919e-10	4.62472043928738e-09	NA	NA	NA	NA	NA	NA	NA
ASV876	8.00925530625844	-4.50501864467952	0.710964306820268	-6.33649059659249	2.35057520398075e-10	9.5409244817988e-09	NA	NA	NA	NA	NA	NA	NA
ASV88	29.5161312240933	5.32633181532535	0.992496449679681	5.36660037126014	8.02345590146392e-08	2.09359297121166e-06	NA	NA	NA	NA	NA	NA	NA
ASV880	4.94499942590584	-3.71632553665973	0.679815554343778	-5.46666741134966	4.58575316633576e-08	1.25882900502477e-06	NA	NA	NA	NA	NA	NA	NA
ASV881	8.01710509354742	3.4021106582955	0.844008983288167	4.03089389527733	5.55651250225939e-05	0.00079629431810324	NA	NA	NA	NA	NA	NA	NA
ASV89	81.9910249611338	3.98499582328132	0.941153167223457	4.23416289936914	2.29404615663874e-05	0.000364362046751751	Fungi	Basidiomycota	Tremellomycetes	Tremellales	Cryptococcaceae	Cryptococcus	NA
ASV9	325.745666416078	-2.7288698765355	0.715310890518095	-3.81494244350033	0.000136214678323686	0.00177715249274502	Fungi	Ascomycota	Sordariomycetes	Hypocreales	Nectriaceae	Neocosmospora	Neocosmospora falciformis
ASV90	1.95677344281442	-1.77798817695654	0.41119342034171	-4.3239703968974	1.53245869049393e-05	0.000255532479450838	Fungi	Basidiomycota	Agaricomycetes	Thelephorales	Thelephoraceae	Thelephora	NA
ASV902	7.98722319947132	-4.49923322294216	0.700302292994361	-6.42470154382086	1.32128495469682e-10	5.70434749986837e-09	NA	NA	NA	NA	NA	NA	NA
ASV907	10.3821413959548	3.56245192679753	0.760740591649792	4.68287346028396	2.82881156032517e-06	5.33096273808898e-05	Fungi	Ascomycota	Dothideomycetes	Pleosporales	Didymellaceae	NA	NA
ASV9090	1.67889797005635	-1.58476150119238	0.472262491354258	-3.35567937366342	0.000791702965463702	0.00850632892078534	Fungi	Ascomycota	Dothideomycetes	Pleosporales	Didymosphaeriaceae	Paraconiothyrium	NA
ASV91	3.50985096859866	-2.101453983486	0.520328659059332	-4.03870505092893	5.37470971989469e-05	0.000773469589690299	Fungi	Ascomycota	Dothideomycetes	Gloniales	Gloniaceae	Cenococcum	NA
ASV916	6.64488852739183	-4.20582916173168	0.630906719674286	-6.66632487906135	2.62288315257414e-11	1.35392087951898e-09	NA	NA	NA	NA	NA	NA	NA
ASV9195	56.0754652544458	6.25991640321086	1.04006731749025	6.01876080321075	1.75757359252831e-09	5.96194070779781e-08	NA	NA	NA	NA	NA	NA	NA
ASV929	8.21568262167112	3.20486770463844	0.818992566381516	3.91318289834818	9.10874900785344e-05	0.00123592711537988	Fungi	Ascomycota	Eurotiomycetes	Chaetothyriales	Herpotrichiellaceae	Cladophialophora	NA
ASV9292	36.5992115539733	5.63988070562292	1.00099630592613	5.63426725177056	1.75804212968521e-08	5.28414055308547e-07	Fungi	Ascomycota	Eurotiomycetes	Chaetothyriales	NA	NA	NA
ASV93	48.6602002580738	5.46367524677179	0.982021834450216	5.56370037314967	2.64113278147897e-08	7.64801193856318e-07	NA	NA	NA	NA	NA	NA	NA
ASV9325	2.57954030350741	-2.39087857222601	0.526736594853357	-4.53904018742353	5.65108662171044e-06	0.000102041864511418	NA	NA	NA	NA	NA	NA	NA
ASV94	15.0071613200777	4.1044608312693	0.913446721224162	4.49337737593351	7.01023950674048e-06	0.000124222490363845	NA	NA	NA	NA	NA	NA	NA
ASV941	3.84964475950322	-1.94105695849757	0.582863587676868	-3.33020795866505	0.000867811441261081	0.00928206426700197	Fungi	Ascomycota	Sordariomycetes	Hypocreales	Niessliaceae	Niesslia	Niesslia tenuis
ASV942	1.62976394210982	-1.50797730255263	0.429468324156118	-3.5112654827704	0.00044597876915433	0.00507902439979356	Fungi	Ascomycota	Dothideomycetes	Capnodiales	Neodevriesiaceae	Neodevriesia	Neodevriesia lagerstroemiae
ASV946	18.1108057547261	3.59104808521103	0.919282094514524	3.90636139509219	9.36963475422996e-05	0.00126770357401248	Fungi	Ascomycota	Dothideomycetes	Pleosporales	Didymellaceae	Epicoccum	NA
ASV966	4.24161927685397	-3.4528962404291	0.608300515730375	-5.6763000377918	1.37639277018297e-08	4.1633689589802e-07	Fungi	Glomeromycota	Glomeromycetes	Glomerales	Glomeraceae	NA	NA
ASV97	638.789460967475	9.55850248267477	1.12500967553825	8.49637357838867	1.95605755622946e-17	2.99655397888184e-15	NA	NA	NA	NA	NA	NA	NA
ASV975	9.6947490771972	-4.39514074519779	0.602185518278168	-7.29864902391681	2.90671445470596e-13	2.30066449089977e-11	NA	NA	NA	NA	NA	NA	NA
ASV9819	26.4520644046734	5.16666155750501	0.931062578529684	5.54920977026496	2.86963698963308e-08	8.20958196612499e-07	Fungi	Basidiomycota	Agaricomycetes	Agaricales	Inocybaceae	Inocybe	NA
ASV983	7.22565579130887	3.24576588258558	0.805309632299044	4.03045704708558	5.56685014972153e-05	0.00079629431810324	NA	NA	NA	NA	NA	NA	NA
ASV9902	1.74485340265625	-1.67203536236239	0.478639189888829	-3.49331061409899	0.000477071242491413	0.00539431269188505	Fungi	NA	NA	NA	NA	NA	NA
ASV9910	1.62962629491342	-1.50737939534346	0.43868368554558	-3.43614190591283	0.00059006181936833	0.00654720462658925	Fungi	Basidiomycota	Agaricomycetes	Agaricales	Inocybaceae	Inocybe	NA
ASV993	3.00986294745247	-2.69780661944461	0.548056087150468	-4.92250096786887	8.5445141891425e-07	1.79548220726716e-05	Fungi	NA	NA	NA	NA	NA	NA
ASV9998	8.52429061937578	3.26501594032283	0.810629494474111	4.02775369337009	5.63122910690629e-05	0.000803084295156096	Fungi	Chytridiomycota	Rhizophlyctidomycetes	Rhizophlyctidales	Rhizophlyctidaceae	NA	NA
